Appointment_ID,Start_DateTime,End_DateTime,Type,Location,Skill_Group,Gender_Pref
APT0001,10/02/2027 13:00,10/02/2027 14:00,Online,,UG_003,Other
APT0002,10/02/2027 10:30,10/02/2027 11:00,Online,,UG_999,Female
APT0003,10/02/2027 13:00,10/02/2027 14:30,In-Person,Geelong,UG_007,Male
APT0004,10/02/2027 10:30,10/02/2027 12:00,In-Person,NonExistingLocation,UG_001,Female
APT0005,10/02/2027 23:00,11/02/2027 00:30,Online,,UG_007,N/A
APT0006,10/02/2027 15:30,10/02/2027 16:30,In-Person,Geelong,UG_003,Other
APT0007,10/02/2027 08:00,10/02/2027 09:00,In-Person,Geelong,UG_001,Female
APT0008,10/02/2027 11:30,10/02/2027 13:00,Online,,UG_999,Female
APT0009,10/02/2027 09:30,10/02/2027 10:30,Online,,UG_003,Male
APT0010,10/02/2027 12:30,10/02/2027 13:30,Online,,UG_005,N/A
APT0011,10/02/2027 23:00,11/02/2027 00:30,Online,,UG_005,Female
APT0012,10/02/2027 10:30,10/02/2027 11:30,In-Person,Parramatta,UG_003,Female
APT0013,10/02/2027 11:00,10/02/2027 12:30,In-Person,Gold Coast,UG_003,Male
APT0014,10/02/2027 13:30,10/02/2027 15:00,In-Person,Canberra,UG_999,Male
APT0015,10/02/2027 17:30,10/02/2027 18:00,In-Person,Geelong,UG_001,Female
APT0016,10/02/2027 15:00,10/02/2027 16:00,In-Person,NonExistingLocation,UG_005,N/A
APT0017,10/02/2027 23:00,11/02/2027 00:30,In-Person,Sydney CBD,UG_007,Male
APT0018,10/02/2027 16:00,10/02/2027 17:00,In-Person,Canberra,UG_001,Male
APT0019,10/02/2027 12:30,10/02/2027 13:00,In-Person,Canberra,UG_003,Female
APT0020,10/02/2027 12:00,10/02/2027 13:30,In-Person,Sydney CBD,UG_999,Other
APT0021,10/02/2027 10:30,10/02/2027 11:00,Online,,UG_003,Female
APT0022,10/02/2027 11:30,10/02/2027 12:00,In-Person,NonExistingLocation,UG_001,N/A
APT0023,10/02/2027 23:00,11/02/2027 00:30,In-Person,Geelong,UG_005,Female
APT0024,10/02/2027 15:00,10/02/2027 16:00,Online,,UG_007,Male
APT0025,10/02/2027 09:30,10/02/2027 10:00,In-Person,Sydney CBD,UG_005,Other
APT0026,10/02/2027 14:30,10/02/2027 16:00,In-Person,Geelong,UG_999,Male
APT0027,10/02/2027 10:00,10/02/2027 11:30,In-Person,Sydney CBD,UG_005,Other
APT0028,10/02/2027 12:00,10/02/2027 13:30,In-Person,NonExistingLocation,UG_005,Female
APT0029,10/02/2027 23:00,11/02/2027 00:30,Online,,UG_007,Other
APT0030,10/02/2027 14:00,10/02/2027 15:30,Online,,UG_007,Female
APT0031,10/02/2027 09:30,10/02/2027 10:00,In-Person,Parramatta,UG_001,N/A
APT0032,10/02/2027 17:00,10/02/2027 18:00,Online,,UG_999,N/A
APT0033,10/02/2027 13:30,10/02/2027 15:00,In-Person,Parramatta,UG_007,Male
APT0034,10/02/2027 14:30,10/02/2027 15:30,In-Person,NonExistingLocation,UG_005,Other
APT0035,10/02/2027 23:00,11/02/2027 00:30,In-Person,Sydney CBD,UG_001,N/A
APT0036,10/02/2027 11:30,10/02/2027 12:30,Online,,UG_007,Female
APT0037,10/02/2027 16:30,10/02/2027 18:00,In-Person,Geelong,UG_003,N/A
APT0038,10/02/2027 15:30,10/02/2027 16:00,In-Person,Canberra,UG_999,Female
APT0039,10/02/2027 13:00,10/02/2027 14:00,In-Person,Gold Coast,UG_003,Female
APT0040,10/02/2027 11:30,10/02/2027 12:00,Online,,UG_007,N/A
APT0041,10/02/2027 23:00,11/02/2027 00:30,Online,,UG_005,Male
APT0042,10/02/2027 15:30,10/02/2027 17:00,In-Person,Geelong,UG_007,N/A
APT0043,10/02/2027 08:30,10/02/2027 10:00,In-Person,Geelong,UG_005,Female
APT0044,10/02/2027 15:00,10/02/2027 16:00,Online,,UG_999,Female
APT0045,10/02/2027 15:00,10/02/2027 16:00,Online,,UG_005,Male
APT0046,10/02/2027 09:30,10/02/2027 11:00,In-Person,NonExistingLocation,UG_005,Other
APT0047,10/02/2027 23:00,11/02/2027 00:30,Online,,UG_001,Male
APT0048,10/02/2027 10:30,10/02/2027 11:30,In-Person,Canberra,UG_001,Other
APT0049,10/02/2027 17:30,10/02/2027 18:00,In-Person,Geelong,UG_007,Female
APT0050,10/02/2027 15:00,10/02/2027 15:30,Online,,UG_999,N/A
APT0051,10/02/2027 08:30,10/02/2027 10:00,In-Person,Canberra,UG_007,Female
APT0052,10/02/2027 08:00,10/02/2027 09:30,In-Person,NonExistingLocation,UG_007,N/A
APT0053,10/02/2027 23:00,11/02/2027 00:30,In-Person,Parramatta,UG_001,N/A
APT0054,10/02/2027 17:30,10/02/2027 19:00,Online,,UG_007,N/A
APT0055,10/02/2027 17:30,10/02/2027 19:00,In-Person,Sydney CBD,UG_007,Other
APT0056,10/02/2027 12:30,10/02/2027 13:30,In-Person,Parramatta,UG_999,Other
APT0057,10/02/2027 16:30,10/02/2027 17:30,In-Person,Parramatta,UG_003,Other
APT0058,10/02/2027 13:30,10/02/2027 15:00,In-Person,NonExistingLocation,UG_005,Male
APT0059,10/02/2027 23:00,11/02/2027 00:30,Online,,UG_007,Other
APT0060,10/02/2027 14:30,10/02/2027 15:00,In-Person,Geelong,UG_007,Female
APT0061,10/02/2027 08:30,10/02/2027 10:00,In-Person,Parramatta,UG_005,Female
APT0062,10/02/2027 12:30,10/02/2027 14:00,Online,,UG_999,Male
APT0063,10/02/2027 12:30,10/02/2027 13:00,In-Person,Sydney CBD,UG_007,Other
APT0064,10/02/2027 16:30,10/02/2027 17:00,Online,,UG_003,Other
APT0065,10/02/2027 23:00,11/02/2027 00:30,Online,,UG_007,Other
APT0066,10/02/2027 16:30,10/02/2027 17:00,In-Person,Sydney CBD,UG_003,N/A
APT0067,10/02/2027 11:30,10/02/2027 13:00,Online,,UG_003,Female
APT0068,10/02/2027 12:30,10/02/2027 13:30,In-Person,Geelong,UG_999,Female
APT0069,10/02/2027 16:00,10/02/2027 16:30,Online,,UG_001,Female
APT0070,10/02/2027 16:30,10/02/2027 17:30,In-Person,NonExistingLocation,UG_005,Male
APT0071,10/02/2027 23:00,11/02/2027 00:30,In-Person,Geelong,UG_003,Other
APT0072,10/02/2027 17:30,10/02/2027 18:00,Online,,UG_007,Other
APT0073,10/02/2027 09:00,10/02/2027 10:30,Online,,UG_003,Female
APT0074,10/02/2027 16:00,10/02/2027 16:30,In-Person,Canberra,UG_999,Male
APT0075,10/02/2027 13:30,10/02/2027 14:00,In-Person,Sydney CBD,UG_005,Female
APT0076,10/02/2027 11:00,10/02/2027 12:30,Online,,UG_001,Male
APT0077,10/02/2027 23:00,11/02/2027 00:30,In-Person,Gold Coast,UG_003,Male
APT0078,10/02/2027 13:00,10/02/2027 14:00,In-Person,Canberra,UG_005,Other
APT0079,10/02/2027 08:00,10/02/2027 09:30,Online,,UG_007,N/A
APT0080,10/02/2027 08:30,10/02/2027 09:30,In-Person,Sydney CBD,UG_999,Male
APT0081,10/02/2027 10:30,10/02/2027 12:00,In-Person,Geelong,UG_003,Other
APT0082,10/02/2027 14:30,10/02/2027 15:00,In-Person,NonExistingLocation,UG_007,Male
APT0083,10/02/2027 23:00,11/02/2027 00:30,Online,,UG_005,Male
APT0084,10/02/2027 09:00,10/02/2027 09:30,In-Person,Parramatta,UG_005,Male
APT0085,10/02/2027 17:00,10/02/2027 17:30,Online,,UG_007,N/A
APT0086,10/02/2027 15:00,10/02/2027 16:30,Online,,UG_999,Other
APT0087,10/02/2027 08:00,10/02/2027 09:00,In-Person,Gold Coast,UG_001,Other
APT0088,10/02/2027 17:00,10/02/2027 17:30,In-Person,NonExistingLocation,UG_001,Other
APT0089,10/02/2027 23:00,11/02/2027 00:30,In-Person,Sydney CBD,UG_007,N/A
APT0090,10/02/2027 14:00,10/02/2027 15:30,In-Person,Canberra,UG_003,Female
APT0091,10/02/2027 10:00,10/02/2027 11:30,Online,,UG_005,Female
APT0092,10/02/2027 12:30,10/02/2027 14:00,Online,,UG_999,Female
APT0093,10/02/2027 09:30,10/02/2027 10:00,In-Person,Gold Coast,UG_007,Female
APT0094,10/02/2027 11:00,10/02/2027 12:30,Online,,UG_003,N/A
APT0095,10/02/2027 23:00,11/02/2027 00:30,In-Person,Parramatta,UG_003,Other
APT0096,10/02/2027 11:00,10/02/2027 11:30,In-Person,Gold Coast,UG_001,N/A
APT0097,10/02/2027 16:30,10/02/2027 17:00,Online,,UG_001,Other
APT0098,10/02/2027 09:30,10/02/2027 10:00,Online,,UG_999,Other
APT0099,10/02/2027 10:00,10/02/2027 11:30,In-Person,Geelong,UG_005,Male
APT0100,10/02/2027 13:00,10/02/2027 14:00,Online,,UG_005,Other
APT0101,10/02/2027 23:00,11/02/2027 00:30,Online,,UG_005,N/A
APT0102,10/02/2027 10:30,10/02/2027 11:00,Online,,UG_003,Female
APT0103,10/02/2027 14:30,10/02/2027 15:30,Online,,UG_003,Other
APT0104,10/02/2027 15:30,10/02/2027 16:30,Online,,UG_999,Other
APT0105,10/02/2027 15:30,10/02/2027 17:00,In-Person,Parramatta,UG_001,Male
APT0106,10/02/2027 16:30,10/02/2027 17:00,Online,,UG_001,Male
APT0107,10/02/2027 23:00,11/02/2027 00:30,In-Person,Gold Coast,UG_007,Female
APT0108,10/02/2027 08:30,10/02/2027 10:00,Online,,UG_007,Female
APT0109,10/02/2027 13:30,10/02/2027 14:30,In-Person,Gold Coast,UG_005,Female
APT0110,10/02/2027 15:00,10/02/2027 16:30,In-Person,Canberra,UG_999,Male
APT0111,10/02/2027 11:30,10/02/2027 13:00,In-Person,Gold Coast,UG_003,Male
APT0112,10/02/2027 10:30,10/02/2027 12:00,In-Person,NonExistingLocation,UG_005,Male
APT0113,10/02/2027 23:00,11/02/2027 00:30,In-Person,Geelong,UG_005,Other
APT0114,10/02/2027 11:30,10/02/2027 12:00,In-Person,Gold Coast,UG_005,N/A
APT0115,10/02/2027 15:30,10/02/2027 16:30,In-Person,Geelong,UG_005,Male
APT0116,10/02/2027 16:00,10/02/2027 17:30,Online,,UG_999,Female
APT0117,10/02/2027 14:00,10/02/2027 15:30,Online,,UG_005,Other
APT0118,10/02/2027 12:00,10/02/2027 13:00,In-Person,NonExistingLocation,UG_007,Other
APT0119,10/02/2027 23:00,11/02/2027 00:30,Online,,UG_001,Female
APT0120,10/02/2027 15:00,10/02/2027 15:30,In-Person,Geelong,UG_005,Female
APT0121,10/02/2027 10:00,10/02/2027 10:30,In-Person,Sydney CBD,UG_001,Female
APT0122,10/02/2027 14:30,10/02/2027 15:30,In-Person,Canberra,UG_999,N/A
APT0123,10/02/2027 11:00,10/02/2027 12:30,In-Person,Canberra,UG_001,Male
APT0124,10/02/2027 10:00,10/02/2027 11:30,In-Person,NonExistingLocation,UG_001,Female
APT0125,10/02/2027 23:00,11/02/2027 00:30,Online,,UG_003,N/A
APT0126,10/02/2027 17:30,10/02/2027 19:00,In-Person,Sydney CBD,UG_001,Female
APT0127,10/02/2027 15:00,10/02/2027 16:30,Online,,UG_007,Female
APT0128,10/02/2027 11:30,10/02/2027 12:30,In-Person,Gold Coast,UG_999,Other
APT0129,10/02/2027 10:30,10/02/2027 12:00,Online,,UG_007,Male
APT0130,10/02/2027 14:00,10/02/2027 15:00,In-Person,NonExistingLocation,UG_001,Female
APT0131,10/02/2027 23:00,11/02/2027 00:30,Online,,UG_003,Male
APT0132,10/02/2027 10:30,10/02/2027 11:30,In-Person,Gold Coast,UG_001,Male
APT0133,10/02/2027 15:30,10/02/2027 17:00,In-Person,Gold Coast,UG_001,N/A
APT0134,10/02/2027 16:00,10/02/2027 17:00,Online,,UG_999,N/A
APT0135,10/02/2027 11:30,10/02/2027 12:30,Online,,UG_005,Female
APT0136,10/02/2027 10:00,10/02/2027 11:00,Online,,UG_003,Male
APT0137,10/02/2027 23:00,11/02/2027 00:30,Online,,UG_005,Female
APT0138,10/02/2027 08:00,10/02/2027 09:30,In-Person,Gold Coast,UG_001,Male
APT0139,10/02/2027 14:00,10/02/2027 15:30,In-Person,Sydney CBD,UG_007,Other
APT0140,10/02/2027 09:30,10/02/2027 10:00,Online,,UG_999,Other
APT0141,10/02/2027 16:30,10/02/2027 17:30,Online,,UG_005,Male
APT0142,10/02/2027 14:30,10/02/2027 16:00,Online,,UG_003,Other
APT0143,10/02/2027 23:00,11/02/2027 00:30,Online,,UG_005,Other
APT0144,10/02/2027 17:00,10/02/2027 18:00,Online,,UG_003,Male
APT0145,10/02/2027 11:30,10/02/2027 12:30,In-Person,Geelong,UG_003,N/A
APT0146,10/02/2027 13:00,10/02/2027 14:30,In-Person,Parramatta,UG_999,Male
APT0147,10/02/2027 09:00,10/02/2027 09:30,Online,,UG_007,Male
APT0148,10/02/2027 12:00,10/02/2027 12:30,Online,,UG_001,Male
APT0149,10/02/2027 23:00,11/02/2027 00:30,Online,,UG_001,Female
APT0150,10/02/2027 15:30,10/02/2027 16:30,In-Person,Parramatta,UG_005,Female
APT0151,10/02/2027 08:30,10/02/2027 10:00,In-Person,Gold Coast,UG_003,Male
APT0152,10/02/2027 13:30,10/02/2027 14:00,In-Person,Parramatta,UG_999,Other
APT0153,10/02/2027 14:00,10/02/2027 15:00,Online,,UG_007,Other
APT0154,10/02/2027 08:00,10/02/2027 09:30,In-Person,NonExistingLocation,UG_005,Other
APT0155,10/02/2027 23:00,11/02/2027 00:30,In-Person,Gold Coast,UG_003,N/A
APT0156,10/02/2027 14:00,10/02/2027 15:30,In-Person,Sydney CBD,UG_003,N/A
APT0157,10/02/2027 16:00,10/02/2027 16:30,In-Person,Gold Coast,UG_005,Other
APT0158,10/02/2027 09:30,10/02/2027 11:00,Online,,UG_999,N/A
APT0159,10/02/2027 14:00,10/02/2027 15:30,Online,,UG_003,Female
APT0160,10/02/2027 15:00,10/02/2027 16:30,In-Person,NonExistingLocation,UG_001,Other
APT0161,10/02/2027 23:00,11/02/2027 00:30,In-Person,Parramatta,UG_005,N/A
APT0162,10/02/2027 13:30,10/02/2027 15:00,In-Person,Sydney CBD,UG_003,Other
APT0163,10/02/2027 09:00,10/02/2027 10:00,Online,,UG_001,Female
APT0164,10/02/2027 15:30,10/02/2027 16:30,Online,,UG_999,Other
APT0165,10/02/2027 10:30,10/02/2027 12:00,In-Person,Canberra,UG_003,Other
APT0166,10/02/2027 11:30,10/02/2027 12:30,In-Person,NonExistingLocation,UG_003,Female
APT0167,10/02/2027 23:00,11/02/2027 00:30,In-Person,Geelong,UG_001,Male
APT0168,10/02/2027 15:30,10/02/2027 17:00,In-Person,Gold Coast,UG_001,N/A
APT0169,10/02/2027 13:30,10/02/2027 15:00,Online,,UG_007,Other
APT0170,10/02/2027 15:30,10/02/2027 16:00,Online,,UG_999,Female
APT0171,10/02/2027 17:00,10/02/2027 17:30,In-Person,Gold Coast,UG_007,Other
APT0172,10/02/2027 08:30,10/02/2027 10:00,Online,,UG_007,Female
APT0173,10/02/2027 23:00,11/02/2027 00:30,Online,,UG_005,Male
APT0174,10/02/2027 08:00,10/02/2027 09:30,In-Person,Canberra,UG_001,Other
APT0175,10/02/2027 13:30,10/02/2027 15:00,Online,,UG_003,Other
APT0176,10/02/2027 11:30,10/02/2027 12:30,Online,,UG_999,Other
APT0177,10/02/2027 10:30,10/02/2027 11:30,Online,,UG_003,Other
APT0178,10/02/2027 13:30,10/02/2027 14:30,Online,,UG_005,N/A
APT0179,10/02/2027 23:00,11/02/2027 00:30,In-Person,Gold Coast,UG_003,Male
APT0180,10/02/2027 12:00,10/02/2027 12:30,Online,,UG_007,Female
APT0181,10/02/2027 10:00,10/02/2027 11:30,In-Person,Canberra,UG_001,Female
APT0182,10/02/2027 14:30,10/02/2027 15:30,In-Person,Gold Coast,UG_999,N/A
APT0183,10/02/2027 12:30,10/02/2027 13:30,In-Person,Canberra,UG_001,Male
APT0184,10/02/2027 11:00,10/02/2027 12:00,Online,,UG_001,N/A
APT0185,10/02/2027 23:00,11/02/2027 00:30,Online,,UG_005,Other
APT0186,10/02/2027 13:30,10/02/2027 14:00,Online,,UG_001,Other
APT0187,10/02/2027 17:30,10/02/2027 18:00,In-Person,Sydney CBD,UG_005,Other
APT0188,10/02/2027 16:00,10/02/2027 17:00,Online,,UG_999,N/A
APT0189,10/02/2027 17:30,10/02/2027 18:30,Online,,UG_003,Other
APT0190,10/02/2027 13:00,10/02/2027 14:00,Online,,UG_001,Male
APT0191,10/02/2027 23:00,11/02/2027 00:30,In-Person,Sydney CBD,UG_005,Other
APT0192,10/02/2027 12:00,10/02/2027 13:30,Online,,UG_005,N/A
APT0193,10/02/2027 13:30,10/02/2027 15:00,Online,,UG_007,Female
APT0194,10/02/2027 10:30,10/02/2027 11:00,In-Person,Parramatta,UG_999,Male
APT0195,10/02/2027 11:00,10/02/2027 11:30,Online,,UG_001,Male
APT0196,10/02/2027 15:30,10/02/2027 17:00,In-Person,NonExistingLocation,UG_007,Male
APT0197,10/02/2027 23:00,11/02/2027 00:30,In-Person,Geelong,UG_007,Other
APT0198,10/02/2027 11:30,10/02/2027 12:00,Online,,UG_007,Female
APT0199,10/02/2027 10:00,10/02/2027 11:30,In-Person,Geelong,UG_001,Other
APT0200,10/02/2027 13:00,10/02/2027 14:00,Online,,UG_999,N/A
APT0201,10/02/2027 10:00,10/02/2027 11:30,In-Person,Gold Coast,UG_007,Other
APT0202,10/02/2027 16:30,10/02/2027 17:30,Online,,UG_007,Female
APT0203,10/02/2027 23:00,11/02/2027 00:30,Online,,UG_005,N/A
APT0204,10/02/2027 12:00,10/02/2027 12:30,Online,,UG_001,Male
APT0205,10/02/2027 16:00,10/02/2027 16:30,Online,,UG_005,N/A
APT0206,10/02/2027 16:30,10/02/2027 17:00,Online,,UG_999,Other
APT0207,10/02/2027 08:00,10/02/2027 09:00,Online,,UG_003,Other
APT0208,10/02/2027 13:30,10/02/2027 14:00,Online,,UG_007,N/A
APT0209,10/02/2027 23:00,11/02/2027 00:30,Online,,UG_007,Female
APT0210,10/02/2027 12:00,10/02/2027 12:30,Online,,UG_003,Other
APT0211,10/02/2027 12:30,10/02/2027 14:00,Online,,UG_007,Female
APT0212,10/02/2027 09:00,10/02/2027 09:30,In-Person,Sydney CBD,UG_999,N/A
APT0213,10/02/2027 17:30,10/02/2027 18:30,Online,,UG_007,Female
APT0214,10/02/2027 08:00,10/02/2027 08:30,In-Person,NonExistingLocation,UG_001,Female
APT0215,10/02/2027 23:00,11/02/2027 00:30,Online,,UG_003,N/A
APT0216,10/02/2027 08:00,10/02/2027 08:30,In-Person,Parramatta,UG_001,N/A
APT0217,10/02/2027 11:00,10/02/2027 12:00,Online,,UG_005,N/A
APT0218,10/02/2027 13:30,10/02/2027 14:30,In-Person,Sydney CBD,UG_999,Female
APT0219,10/02/2027 08:30,10/02/2027 09:30,Online,,UG_001,Male
APT0220,10/02/2027 11:00,10/02/2027 12:00,Online,,UG_001,Male
APT0221,10/02/2027 23:00,11/02/2027 00:30,Online,,UG_003,Male
APT0222,10/02/2027 11:00,10/02/2027 12:00,In-Person,Gold Coast,UG_003,N/A
APT0223,10/02/2027 14:00,10/02/2027 15:30,Online,,UG_005,Female
APT0224,10/02/2027 08:30,10/02/2027 10:00,In-Person,Sydney CBD,UG_999,Other
APT0225,10/02/2027 11:00,10/02/2027 12:00,In-Person,Parramatta,UG_001,Other
APT0226,10/02/2027 14:30,10/02/2027 15:30,In-Person,NonExistingLocation,UG_005,Male
APT0227,10/02/2027 23:00,11/02/2027 00:30,In-Person,Geelong,UG_007,Female
APT0228,10/02/2027 13:30,10/02/2027 14:00,In-Person,Parramatta,UG_007,Male
APT0229,10/02/2027 17:30,10/02/2027 18:30,In-Person,Geelong,UG_005,Female
APT0230,10/02/2027 16:30,10/02/2027 17:00,In-Person,Canberra,UG_999,Other
APT0231,10/02/2027 16:30,10/02/2027 18:00,Online,,UG_007,Male
APT0232,10/02/2027 14:00,10/02/2027 15:00,In-Person,NonExistingLocation,UG_001,N/A
APT0233,10/02/2027 23:00,11/02/2027 00:30,Online,,UG_007,Female
APT0234,10/02/2027 17:00,10/02/2027 17:30,Online,,UG_005,N/A
APT0235,10/02/2027 12:00,10/02/2027 13:30,In-Person,Geelong,UG_003,N/A
APT0236,10/02/2027 12:30,10/02/2027 13:30,Online,,UG_999,Male
APT0237,10/02/2027 16:00,10/02/2027 17:00,In-Person,Geelong,UG_005,Female
APT0238,10/02/2027 09:00,10/02/2027 10:30,Online,,UG_003,N/A
APT0239,10/02/2027 23:00,11/02/2027 00:30,Online,,UG_005,N/A
APT0240,10/02/2027 13:00,10/02/2027 13:30,In-Person,Gold Coast,UG_001,Male
APT0241,10/02/2027 10:00,10/02/2027 10:30,In-Person,Parramatta,UG_001,N/A
APT0242,10/02/2027 11:00,10/02/2027 11:30,In-Person,Gold Coast,UG_999,N/A
APT0243,10/02/2027 16:00,10/02/2027 17:30,Online,,UG_001,Male
APT0244,10/02/2027 17:30,10/02/2027 19:00,In-Person,NonExistingLocation,UG_003,N/A
APT0245,10/02/2027 23:00,11/02/2027 00:30,In-Person,Sydney CBD,UG_007,Other
APT0246,10/02/2027 08:30,10/02/2027 10:00,Online,,UG_001,Male
APT0247,10/02/2027 12:30,10/02/2027 13:00,In-Person,Gold Coast,UG_001,Male
APT0248,10/02/2027 11:30,10/02/2027 13:00,Online,,UG_999,Female
APT0249,10/02/2027 16:00,10/02/2027 17:30,In-Person,Gold Coast,UG_003,Other
APT0250,10/02/2027 09:30,10/02/2027 11:00,Online,,UG_007,N/A
APT0251,10/02/2027 23:00,11/02/2027 00:30,In-Person,Gold Coast,UG_007,Other
APT0252,10/02/2027 10:30,10/02/2027 12:00,Online,,UG_005,Other
APT0253,10/02/2027 16:30,10/02/2027 17:30,Online,,UG_007,N/A
APT0254,10/02/2027 13:00,10/02/2027 14:30,In-Person,Gold Coast,UG_999,N/A
APT0255,10/02/2027 16:30,10/02/2027 18:00,Online,,UG_005,Female
APT0256,10/02/2027 14:00,10/02/2027 14:30,In-Person,NonExistingLocation,UG_001,Female
APT0257,10/02/2027 23:00,11/02/2027 00:30,Online,,UG_003,Female
APT0258,10/02/2027 13:00,10/02/2027 13:30,Online,,UG_003,Male
APT0259,10/02/2027 08:30,10/02/2027 09:30,Online,,UG_003,Female
APT0260,10/02/2027 12:00,10/02/2027 13:00,In-Person,Parramatta,UG_999,Other
APT0261,10/02/2027 09:00,10/02/2027 10:30,Online,,UG_003,Other
APT0262,10/02/2027 13:00,10/02/2027 14:00,In-Person,NonExistingLocation,UG_001,Other
APT0263,10/02/2027 23:00,11/02/2027 00:30,Online,,UG_001,Male
APT0264,10/02/2027 13:00,10/02/2027 14:00,Online,,UG_007,Male
APT0265,10/02/2027 11:30,10/02/2027 13:00,In-Person,Canberra,UG_001,Other
APT0266,10/02/2027 16:00,10/02/2027 16:30,Online,,UG_999,Other
APT0267,10/02/2027 16:00,10/02/2027 17:30,In-Person,Parramatta,UG_001,Female
APT0268,10/02/2027 17:30,10/02/2027 19:00,In-Person,NonExistingLocation,UG_007,Other
APT0269,10/02/2027 23:00,11/02/2027 00:30,In-Person,Sydney CBD,UG_001,N/A
APT0270,10/02/2027 17:00,10/02/2027 18:30,In-Person,Gold Coast,UG_007,Other
APT0271,10/02/2027 09:00,10/02/2027 10:00,Online,,UG_003,Female
APT0272,10/02/2027 15:30,10/02/2027 17:00,In-Person,Canberra,UG_999,Female
APT0273,10/02/2027 16:30,10/02/2027 18:00,In-Person,Parramatta,UG_001,Female
APT0274,10/02/2027 13:00,10/02/2027 14:30,In-Person,NonExistingLocation,UG_007,N/A
APT0275,10/02/2027 23:00,11/02/2027 00:30,In-Person,Sydney CBD,UG_005,Male
APT0276,10/02/2027 12:30,10/02/2027 13:00,Online,,UG_007,Female
APT0277,10/02/2027 15:00,10/02/2027 15:30,In-Person,Parramatta,UG_005,Female
APT0278,10/02/2027 09:00,10/02/2027 09:30,In-Person,Parramatta,UG_999,Other
APT0279,10/02/2027 08:00,10/02/2027 09:00,In-Person,Sydney CBD,UG_007,Male
APT0280,10/02/2027 13:00,10/02/2027 13:30,In-Person,NonExistingLocation,UG_005,N/A
APT0281,10/02/2027 23:00,11/02/2027 00:30,In-Person,Geelong,UG_007,Male
APT0282,10/02/2027 12:00,10/02/2027 12:30,In-Person,Sydney CBD,UG_003,Other
APT0283,10/02/2027 08:30,10/02/2027 09:30,In-Person,Geelong,UG_007,Other
APT0284,10/02/2027 13:30,10/02/2027 14:00,In-Person,Sydney CBD,UG_999,Female
APT0285,10/02/2027 14:00,10/02/2027 15:30,In-Person,Sydney CBD,UG_007,Male
APT0286,10/02/2027 11:00,10/02/2027 12:30,Online,,UG_001,Male
APT0287,10/02/2027 23:00,11/02/2027 00:30,Online,,UG_005,N/A
APT0288,10/02/2027 14:00,10/02/2027 15:30,In-Person,Geelong,UG_005,Other
APT0289,10/02/2027 13:30,10/02/2027 15:00,Online,,UG_003,Other
APT0290,10/02/2027 08:30,10/02/2027 10:00,Online,,UG_999,Male
APT0291,10/02/2027 16:30,10/02/2027 17:30,In-Person,Parramatta,UG_005,Other
APT0292,10/02/2027 10:00,10/02/2027 10:30,Online,,UG_003,N/A
APT0293,10/02/2027 23:00,11/02/2027 00:30,In-Person,Canberra,UG_005,Other
APT0294,10/02/2027 15:00,10/02/2027 16:30,In-Person,Parramatta,UG_003,Female
APT0295,10/02/2027 10:00,10/02/2027 11:00,In-Person,Canberra,UG_003,Female
APT0296,10/02/2027 13:00,10/02/2027 13:30,In-Person,Parramatta,UG_999,Female
APT0297,10/02/2027 08:00,10/02/2027 09:00,Online,,UG_007,Female
APT0298,10/02/2027 12:00,10/02/2027 12:30,In-Person,NonExistingLocation,UG_003,Female
APT0299,10/02/2027 23:00,11/02/2027 00:30,Online,,UG_003,Female
APT0300,10/02/2027 11:30,10/02/2027 13:00,In-Person,Sydney CBD,UG_001,N/A
APT0301,10/02/2027 10:00,10/02/2027 11:30,Online,,UG_005,Female
APT0302,10/02/2027 14:00,10/02/2027 15:00,Online,,UG_999,Female
APT0303,10/02/2027 11:00,10/02/2027 11:30,In-Person,Canberra,UG_001,Female
APT0304,10/02/2027 11:30,10/02/2027 13:00,In-Person,NonExistingLocation,UG_001,Female
APT0305,10/02/2027 23:00,11/02/2027 00:30,Online,,UG_005,N/A
APT0306,10/02/2027 11:30,10/02/2027 12:30,Online,,UG_001,N/A
APT0307,10/02/2027 13:00,10/02/2027 14:00,In-Person,Gold Coast,UG_001,N/A
APT0308,10/02/2027 15:00,10/02/2027 15:30,In-Person,Gold Coast,UG_999,Male
APT0309,10/02/2027 16:30,10/02/2027 17:30,In-Person,Parramatta,UG_005,Female
APT0310,10/02/2027 12:30,10/02/2027 13:30,Online,,UG_003,N/A
APT0311,10/02/2027 23:00,11/02/2027 00:30,In-Person,Gold Coast,UG_003,N/A
APT0312,10/02/2027 15:00,10/02/2027 15:30,In-Person,Parramatta,UG_003,N/A
APT0313,10/02/2027 14:30,10/02/2027 15:30,Online,,UG_001,Female
APT0314,10/02/2027 15:00,10/02/2027 16:30,In-Person,Canberra,UG_999,Other
APT0315,10/02/2027 13:00,10/02/2027 14:30,In-Person,Geelong,UG_001,Other
APT0316,10/02/2027 15:00,10/02/2027 16:30,Online,,UG_001,N/A
APT0317,10/02/2027 23:00,11/02/2027 00:30,In-Person,Canberra,UG_007,Male
APT0318,10/02/2027 10:30,10/02/2027 11:30,In-Person,Parramatta,UG_003,Female
APT0319,10/02/2027 08:30,10/02/2027 09:30,Online,,UG_005,N/A
APT0320,10/02/2027 12:30,10/02/2027 14:00,In-Person,Geelong,UG_999,Female
APT0321,10/02/2027 08:00,10/02/2027 09:30,Online,,UG_001,Female
APT0322,10/02/2027 15:30,10/02/2027 17:00,In-Person,NonExistingLocation,UG_007,Female
APT0323,10/02/2027 23:00,11/02/2027 00:30,Online,,UG_007,N/A
APT0324,10/02/2027 15:00,10/02/2027 15:30,In-Person,Parramatta,UG_005,Female
APT0325,10/02/2027 08:30,10/02/2027 09:00,In-Person,Geelong,UG_005,Male
APT0326,10/02/2027 10:00,10/02/2027 10:30,Online,,UG_999,Male
APT0327,10/02/2027 08:30,10/02/2027 09:00,Online,,UG_003,Other
APT0328,10/02/2027 12:30,10/02/2027 14:00,In-Person,NonExistingLocation,UG_005,Male
APT0329,10/02/2027 23:00,11/02/2027 00:30,Online,,UG_005,N/A
APT0330,10/02/2027 09:00,10/02/2027 10:00,In-Person,Sydney CBD,UG_007,Female
APT0331,10/02/2027 09:30,10/02/2027 11:00,Online,,UG_005,N/A
APT0332,10/02/2027 16:00,10/02/2027 16:30,In-Person,Gold Coast,UG_999,Male
APT0333,10/02/2027 17:00,10/02/2027 18:30,In-Person,Canberra,UG_005,Other
APT0334,10/02/2027 13:00,10/02/2027 14:00,Online,,UG_003,N/A
APT0335,10/02/2027 23:00,11/02/2027 00:30,Online,,UG_007,Female
APT0336,10/02/2027 17:30,10/02/2027 18:00,Online,,UG_003,Male
APT0337,10/02/2027 09:30,10/02/2027 10:00,Online,,UG_001,Female
APT0338,10/02/2027 17:30,10/02/2027 18:30,Online,,UG_999,Other
APT0339,10/02/2027 13:30,10/02/2027 15:00,In-Person,Geelong,UG_003,Female
APT0340,10/02/2027 09:00,10/02/2027 10:00,Online,,UG_005,Male
APT0341,10/02/2027 23:00,11/02/2027 00:30,Online,,UG_005,N/A
APT0342,10/02/2027 17:00,10/02/2027 18:30,In-Person,Parramatta,UG_003,Other
APT0343,10/02/2027 13:00,10/02/2027 14:30,Online,,UG_007,Male
APT0344,10/02/2027 10:00,10/02/2027 11:00,In-Person,Canberra,UG_999,N/A
APT0345,10/02/2027 14:30,10/02/2027 16:00,In-Person,Gold Coast,UG_005,Other
APT0346,10/02/2027 16:30,10/02/2027 17:00,In-Person,NonExistingLocation,UG_005,Other
APT0347,10/02/2027 23:00,11/02/2027 00:30,Online,,UG_001,Other
APT0348,10/02/2027 14:00,10/02/2027 15:30,In-Person,Gold Coast,UG_007,Female
APT0349,10/02/2027 17:30,10/02/2027 18:00,Online,,UG_005,Male
APT0350,10/02/2027 12:00,10/02/2027 13:00,In-Person,Canberra,UG_999,Other
APT0351,10/02/2027 15:00,10/02/2027 16:00,In-Person,Gold Coast,UG_005,Male
APT0352,10/02/2027 13:30,10/02/2027 14:00,In-Person,NonExistingLocation,UG_007,Male
APT0353,10/02/2027 23:00,11/02/2027 00:30,In-Person,Parramatta,UG_005,N/A
APT0354,10/02/2027 16:00,10/02/2027 17:00,Online,,UG_003,Male
APT0355,10/02/2027 16:00,10/02/2027 17:30,In-Person,Parramatta,UG_001,N/A
APT0356,10/02/2027 14:00,10/02/2027 15:30,In-Person,Geelong,UG_999,Male
APT0357,10/02/2027 17:30,10/02/2027 18:00,Online,,UG_007,Male
APT0358,10/02/2027 16:00,10/02/2027 17:30,Online,,UG_001,Other
APT0359,10/02/2027 23:00,11/02/2027 00:30,In-Person,Parramatta,UG_005,Other
APT0360,10/02/2027 16:30,10/02/2027 17:30,Online,,UG_001,Other
APT0361,10/02/2027 10:00,10/02/2027 10:30,Online,,UG_001,Male
APT0362,10/02/2027 17:30,10/02/2027 19:00,In-Person,Parramatta,UG_999,Other
APT0363,10/02/2027 12:00,10/02/2027 12:30,Online,,UG_003,Male
APT0364,10/02/2027 12:30,10/02/2027 14:00,Online,,UG_007,Male
APT0365,10/02/2027 23:00,11/02/2027 00:30,Online,,UG_001,Male
APT0366,10/02/2027 14:00,10/02/2027 14:30,In-Person,Canberra,UG_007,Female
APT0367,10/02/2027 17:30,10/02/2027 19:00,Online,,UG_005,Other
APT0368,10/02/2027 13:00,10/02/2027 13:30,In-Person,Canberra,UG_999,Male
APT0369,10/02/2027 15:00,10/02/2027 15:30,Online,,UG_005,Female
APT0370,10/02/2027 11:30,10/02/2027 12:00,In-Person,NonExistingLocation,UG_005,Other
APT0371,10/02/2027 23:00,11/02/2027 00:30,Online,,UG_005,N/A
APT0372,10/02/2027 15:30,10/02/2027 16:00,In-Person,Canberra,UG_001,Other
APT0373,10/02/2027 15:30,10/02/2027 16:30,In-Person,Sydney CBD,UG_005,Female
APT0374,10/02/2027 16:00,10/02/2027 16:30,Online,,UG_999,Other
APT0375,10/02/2027 16:30,10/02/2027 18:00,In-Person,Sydney CBD,UG_007,Other
APT0376,10/02/2027 14:30,10/02/2027 15:00,In-Person,NonExistingLocation,UG_003,N/A
APT0377,10/02/2027 23:00,11/02/2027 00:30,Online,,UG_003,N/A
APT0378,10/02/2027 14:30,10/02/2027 16:00,Online,,UG_003,Female
APT0379,10/02/2027 09:00,10/02/2027 10:30,Online,,UG_001,N/A
APT0380,10/02/2027 13:00,10/02/2027 14:30,In-Person,Canberra,UG_999,Other
APT0381,10/02/2027 14:00,10/02/2027 14:30,In-Person,Gold Coast,UG_007,Female
APT0382,10/02/2027 08:30,10/02/2027 09:00,In-Person,NonExistingLocation,UG_001,Female
APT0383,10/02/2027 23:00,11/02/2027 00:30,Online,,UG_007,N/A
APT0384,10/02/2027 11:00,10/02/2027 11:30,Online,,UG_005,Other
APT0385,10/02/2027 14:30,10/02/2027 16:00,Online,,UG_001,Male
APT0386,10/02/2027 17:30,10/02/2027 19:00,Online,,UG_999,Other
APT0387,10/02/2027 08:30,10/02/2027 09:30,In-Person,Geelong,UG_005,Female
APT0388,10/02/2027 08:00,10/02/2027 08:30,Online,,UG_007,Other
APT0389,10/02/2027 23:00,11/02/2027 00:30,Online,,UG_007,Female
APT0390,10/02/2027 10:30,10/02/2027 11:30,In-Person,Parramatta,UG_007,Other
APT0391,10/02/2027 14:30,10/02/2027 15:00,Online,,UG_003,Female
APT0392,10/02/2027 08:00,10/02/2027 08:30,In-Person,Parramatta,UG_999,N/A
APT0393,10/02/2027 10:00,10/02/2027 10:30,In-Person,Canberra,UG_007,Other
APT0394,10/02/2027 10:30,10/02/2027 11:30,Online,,UG_007,N/A
APT0395,10/02/2027 23:00,11/02/2027 00:30,In-Person,Canberra,UG_001,N/A
APT0396,10/02/2027 11:30,10/02/2027 13:00,Online,,UG_007,Other
APT0397,10/02/2027 08:30,10/02/2027 09:00,Online,,UG_005,Male
APT0398,10/02/2027 17:00,10/02/2027 18:00,In-Person,Parramatta,UG_999,N/A
APT0399,10/02/2027 16:00,10/02/2027 16:30,In-Person,Parramatta,UG_007,Other
APT0400,10/02/2027 16:30,10/02/2027 18:00,Online,,UG_001,Other
APT0401,10/02/2027 23:00,11/02/2027 00:30,Online,,UG_007,N/A
APT0402,10/02/2027 17:00,10/02/2027 18:30,Online,,UG_007,Other
APT0403,10/02/2027 12:30,10/02/2027 13:30,In-Person,Geelong,UG_005,Other
APT0404,10/02/2027 08:30,10/02/2027 10:00,Online,,UG_999,Male
APT0405,10/02/2027 12:30,10/02/2027 14:00,In-Person,Sydney CBD,UG_007,Male
APT0406,10/02/2027 16:00,10/02/2027 16:30,Online,,UG_005,Female
APT0407,10/02/2027 23:00,11/02/2027 00:30,Online,,UG_005,Male
APT0408,10/02/2027 09:30,10/02/2027 11:00,In-Person,Gold Coast,UG_003,N/A
APT0409,10/02/2027 13:30,10/02/2027 14:00,Online,,UG_003,N/A
APT0410,10/02/2027 10:30,10/02/2027 12:00,In-Person,Sydney CBD,UG_999,Female
APT0411,10/02/2027 17:30,10/02/2027 18:00,Online,,UG_007,Male
APT0412,10/02/2027 15:00,10/02/2027 16:30,In-Person,NonExistingLocation,UG_005,Male
APT0413,10/02/2027 23:00,11/02/2027 00:30,In-Person,Parramatta,UG_007,N/A
APT0414,10/02/2027 15:30,10/02/2027 16:30,Online,,UG_003,N/A
APT0415,10/02/2027 14:00,10/02/2027 15:00,Online,,UG_003,N/A
APT0416,10/02/2027 08:00,10/02/2027 09:00,Online,,UG_999,Other
APT0417,10/02/2027 16:00,10/02/2027 17:30,In-Person,Geelong,UG_005,Other
APT0418,10/02/2027 12:00,10/02/2027 13:00,Online,,UG_005,Male
APT0419,10/02/2027 23:00,11/02/2027 00:30,Online,,UG_007,Female
APT0420,10/02/2027 17:00,10/02/2027 17:30,Online,,UG_003,Other
APT0421,10/02/2027 16:30,10/02/2027 17:00,In-Person,Geelong,UG_001,N/A
APT0422,10/02/2027 09:30,10/02/2027 11:00,In-Person,Canberra,UG_999,Female
APT0423,10/02/2027 12:30,10/02/2027 13:30,In-Person,Geelong,UG_001,Male
APT0424,10/02/2027 17:30,10/02/2027 19:00,In-Person,NonExistingLocation,UG_001,Male
APT0425,10/02/2027 23:00,11/02/2027 00:30,In-Person,Canberra,UG_003,Male
APT0426,10/02/2027 10:30,10/02/2027 11:30,Online,,UG_007,Male
APT0427,10/02/2027 15:00,10/02/2027 16:00,Online,,UG_005,Other
APT0428,10/02/2027 10:30,10/02/2027 11:00,Online,,UG_999,N/A
APT0429,10/02/2027 14:00,10/02/2027 15:00,In-Person,Sydney CBD,UG_005,Female
APT0430,10/02/2027 09:00,10/02/2027 10:00,In-Person,NonExistingLocation,UG_007,Female
APT0431,10/02/2027 23:00,11/02/2027 00:30,In-Person,Gold Coast,UG_007,Female
APT0432,10/02/2027 17:30,10/02/2027 19:00,In-Person,Canberra,UG_005,Male
APT0433,10/02/2027 08:30,10/02/2027 09:00,In-Person,Gold Coast,UG_005,N/A
APT0434,10/02/2027 08:00,10/02/2027 09:00,In-Person,Geelong,UG_999,N/A
APT0435,10/02/2027 12:00,10/02/2027 12:30,Online,,UG_007,Other
APT0436,10/02/2027 15:30,10/02/2027 16:30,Online,,UG_007,Male
APT0437,10/02/2027 23:00,11/02/2027 00:30,In-Person,Canberra,UG_007,Male
APT0438,10/02/2027 17:00,10/02/2027 18:30,Online,,UG_005,Other
APT0439,10/02/2027 14:00,10/02/2027 14:30,In-Person,Sydney CBD,UG_005,Male
APT0440,10/02/2027 15:00,10/02/2027 16:00,In-Person,Parramatta,UG_999,N/A
APT0441,10/02/2027 11:00,10/02/2027 12:00,Online,,UG_001,Female
APT0442,10/02/2027 09:00,10/02/2027 10:30,Online,,UG_003,Female
APT0443,10/02/2027 23:00,11/02/2027 00:30,In-Person,Gold Coast,UG_003,N/A
APT0444,10/02/2027 14:00,10/02/2027 14:30,Online,,UG_007,N/A
APT0445,10/02/2027 08:00,10/02/2027 08:30,Online,,UG_001,Other
APT0446,10/02/2027 08:30,10/02/2027 09:30,In-Person,Parramatta,UG_999,Female
APT0447,10/02/2027 17:00,10/02/2027 17:30,In-Person,Geelong,UG_003,Other
APT0448,10/02/2027 08:00,10/02/2027 09:00,In-Person,NonExistingLocation,UG_003,Male
APT0449,10/02/2027 23:00,11/02/2027 00:30,In-Person,Sydney CBD,UG_001,N/A
APT0450,10/02/2027 17:30,10/02/2027 18:00,In-Person,Geelong,UG_001,N/A
APT0451,10/02/2027 17:30,10/02/2027 19:00,In-Person,Geelong,UG_003,N/A
APT0452,10/02/2027 13:00,10/02/2027 14:30,Online,,UG_999,Male
APT0453,10/02/2027 17:00,10/02/2027 18:30,In-Person,Sydney CBD,UG_003,Other
APT0454,10/02/2027 10:30,10/02/2027 11:30,In-Person,NonExistingLocation,UG_005,Female
APT0455,10/02/2027 23:00,11/02/2027 00:30,Online,,UG_003,N/A
APT0456,10/02/2027 11:30,10/02/2027 13:00,In-Person,Parramatta,UG_001,N/A
APT0457,10/02/2027 10:30,10/02/2027 11:00,Online,,UG_001,Male
APT0458,10/02/2027 08:00,10/02/2027 08:30,In-Person,Gold Coast,UG_999,N/A
APT0459,10/02/2027 15:30,10/02/2027 17:00,In-Person,Parramatta,UG_003,Other
APT0460,10/02/2027 15:00,10/02/2027 16:00,In-Person,NonExistingLocation,UG_001,Female
APT0461,10/02/2027 23:00,11/02/2027 00:30,In-Person,Sydney CBD,UG_005,N/A
APT0462,10/02/2027 08:00,10/02/2027 09:30,In-Person,Parramatta,UG_001,Male
APT0463,10/02/2027 17:30,10/02/2027 18:30,In-Person,Canberra,UG_003,Other
APT0464,10/02/2027 08:30,10/02/2027 09:00,In-Person,Parramatta,UG_999,N/A
APT0465,10/02/2027 10:30,10/02/2027 11:00,In-Person,Geelong,UG_005,Male
APT0466,10/02/2027 14:30,10/02/2027 15:30,Online,,UG_007,Male
APT0467,10/02/2027 23:00,11/02/2027 00:30,In-Person,Gold Coast,UG_003,Female
APT0468,10/02/2027 08:00,10/02/2027 09:00,In-Person,Geelong,UG_003,N/A
APT0469,10/02/2027 17:00,10/02/2027 18:30,Online,,UG_007,Female
APT0470,10/02/2027 13:00,10/02/2027 13:30,In-Person,Sydney CBD,UG_999,Male
APT0471,10/02/2027 11:30,10/02/2027 13:00,Online,,UG_003,Male
APT0472,10/02/2027 09:00,10/02/2027 10:00,Online,,UG_001,N/A
APT0473,10/02/2027 23:00,11/02/2027 00:30,Online,,UG_003,N/A
APT0474,10/02/2027 13:30,10/02/2027 14:00,Online,,UG_003,Other
APT0475,10/02/2027 12:00,10/02/2027 12:30,Online,,UG_003,Male
APT0476,10/02/2027 17:00,10/02/2027 17:30,Online,,UG_999,Male
APT0477,10/02/2027 15:00,10/02/2027 16:00,Online,,UG_003,Male
APT0478,10/02/2027 12:30,10/02/2027 14:00,In-Person,NonExistingLocation,UG_003,Female
APT0479,10/02/2027 23:00,11/02/2027 00:30,Online,,UG_003,N/A
APT0480,10/02/2027 15:00,10/02/2027 16:00,In-Person,Canberra,UG_003,Female
APT0481,10/02/2027 13:00,10/02/2027 14:00,In-Person,Gold Coast,UG_003,Male
APT0482,10/02/2027 14:30,10/02/2027 15:00,In-Person,Canberra,UG_999,N/A
APT0483,10/02/2027 16:00,10/02/2027 17:00,Online,,UG_001,Female
APT0484,10/02/2027 11:30,10/02/2027 12:00,In-Person,NonExistingLocation,UG_003,Female
APT0485,10/02/2027 23:00,11/02/2027 00:30,In-Person,Geelong,UG_001,N/A
APT0486,10/02/2027 12:30,10/02/2027 13:00,Online,,UG_001,N/A
APT0487,10/02/2027 15:00,10/02/2027 15:30,Online,,UG_003,Other
APT0488,10/02/2027 15:00,10/02/2027 16:30,In-Person,Geelong,UG_999,Other
APT0489,10/02/2027 16:00,10/02/2027 16:30,Online,,UG_007,Other
APT0490,10/02/2027 17:30,10/02/2027 19:00,In-Person,NonExistingLocation,UG_005,Male
APT0491,10/02/2027 23:00,11/02/2027 00:30,Online,,UG_001,Male
APT0492,10/02/2027 14:00,10/02/2027 15:00,Online,,UG_001,Other
APT0493,10/02/2027 13:30,10/02/2027 14:00,In-Person,Gold Coast,UG_003,Female
APT0494,10/02/2027 13:00,10/02/2027 13:30,In-Person,Canberra,UG_999,Female
APT0495,10/02/2027 13:00,10/02/2027 14:00,Online,,UG_007,Male
APT0496,10/02/2027 09:00,10/02/2027 10:00,Online,,UG_007,N/A
APT0497,10/02/2027 23:00,11/02/2027 00:30,In-Person,Canberra,UG_005,N/A
APT0498,10/02/2027 17:30,10/02/2027 18:30,In-Person,Parramatta,UG_007,Male
APT0499,10/02/2027 09:00,10/02/2027 10:00,In-Person,Sydney CBD,UG_001,Male
APT0500,10/02/2027 10:30,10/02/2027 11:30,In-Person,Parramatta,UG_999,Female
APT0501,10/02/2027 11:00,10/02/2027 12:30,In-Person,Sydney CBD,UG_007,Female
APT0502,10/02/2027 13:30,10/02/2027 14:30,Online,,UG_001,Other
APT0503,10/02/2027 23:00,11/02/2027 00:30,In-Person,Parramatta,UG_005,N/A
APT0504,10/02/2027 17:00,10/02/2027 18:00,Online,,UG_007,N/A
APT0505,10/02/2027 15:00,10/02/2027 16:00,In-Person,Sydney CBD,UG_003,Other
APT0506,10/02/2027 11:30,10/02/2027 12:30,Online,,UG_999,Male
APT0507,10/02/2027 10:00,10/02/2027 11:00,Online,,UG_007,Other
APT0508,10/02/2027 10:30,10/02/2027 12:00,Online,,UG_003,Female
APT0509,10/02/2027 23:00,11/02/2027 00:30,In-Person,Geelong,UG_001,Other
APT0510,10/02/2027 17:00,10/02/2027 17:30,Online,,UG_005,Other
APT0511,10/02/2027 10:30,10/02/2027 11:00,In-Person,Sydney CBD,UG_005,Female
APT0512,10/02/2027 13:30,10/02/2027 14:30,In-Person,Gold Coast,UG_999,Male
APT0513,10/02/2027 08:00,10/02/2027 09:00,Online,,UG_003,Female
APT0514,10/02/2027 10:00,10/02/2027 10:30,Online,,UG_005,N/A
APT0515,10/02/2027 23:00,11/02/2027 00:30,In-Person,Gold Coast,UG_007,Other
APT0516,10/02/2027 09:30,10/02/2027 11:00,Online,,UG_001,Female
APT0517,10/02/2027 16:30,10/02/2027 17:00,Online,,UG_001,N/A
APT0518,10/02/2027 17:30,10/02/2027 18:00,Online,,UG_999,Male
APT0519,10/02/2027 13:00,10/02/2027 13:30,In-Person,Gold Coast,UG_003,Male
APT0520,10/02/2027 08:00,10/02/2027 08:30,Online,,UG_001,N/A
APT0521,10/02/2027 23:00,11/02/2027 00:30,Online,,UG_001,Other
APT0522,10/02/2027 14:00,10/02/2027 14:30,Online,,UG_005,N/A
APT0523,10/02/2027 13:30,10/02/2027 14:00,Online,,UG_005,Other
APT0524,10/02/2027 12:30,10/02/2027 13:30,In-Person,Parramatta,UG_999,N/A
APT0525,10/02/2027 15:00,10/02/2027 16:00,In-Person,Canberra,UG_007,Other
APT0526,10/02/2027 17:30,10/02/2027 18:00,In-Person,NonExistingLocation,UG_005,N/A
APT0527,10/02/2027 23:00,11/02/2027 00:30,In-Person,Gold Coast,UG_007,Male
APT0528,10/02/2027 08:00,10/02/2027 09:00,Online,,UG_007,Female
APT0529,10/02/2027 16:30,10/02/2027 17:30,In-Person,Parramatta,UG_003,N/A
APT0530,10/02/2027 12:30,10/02/2027 14:00,Online,,UG_999,Other
APT0531,10/02/2027 17:00,10/02/2027 18:00,Online,,UG_007,Male
APT0532,10/02/2027 08:00,10/02/2027 08:30,Online,,UG_005,N/A
APT0533,10/02/2027 23:00,11/02/2027 00:30,Online,,UG_007,Female
APT0534,10/02/2027 15:30,10/02/2027 17:00,In-Person,Geelong,UG_001,Other
APT0535,10/02/2027 15:30,10/02/2027 16:00,Online,,UG_007,N/A
APT0536,10/02/2027 12:00,10/02/2027 13:30,Online,,UG_999,Other
APT0537,10/02/2027 16:00,10/02/2027 17:30,In-Person,Sydney CBD,UG_003,Male
APT0538,10/02/2027 13:00,10/02/2027 14:00,In-Person,NonExistingLocation,UG_003,Male
APT0539,10/02/2027 23:00,11/02/2027 00:30,Online,,UG_005,Male
APT0540,10/02/2027 12:30,10/02/2027 13:30,In-Person,Gold Coast,UG_003,Female
APT0541,10/02/2027 09:30,10/02/2027 11:00,In-Person,Gold Coast,UG_005,Other
APT0542,10/02/2027 12:30,10/02/2027 13:30,Online,,UG_999,Other
APT0543,10/02/2027 10:00,10/02/2027 10:30,In-Person,Gold Coast,UG_005,Female
APT0544,10/02/2027 14:30,10/02/2027 15:30,In-Person,NonExistingLocation,UG_003,Female
APT0545,10/02/2027 23:00,11/02/2027 00:30,In-Person,Gold Coast,UG_001,N/A
APT0546,10/02/2027 15:00,10/02/2027 15:30,In-Person,Parramatta,UG_001,N/A
APT0547,10/02/2027 13:30,10/02/2027 14:30,Online,,UG_003,N/A
APT0548,10/02/2027 17:30,10/02/2027 19:00,Online,,UG_999,Other
APT0549,10/02/2027 08:00,10/02/2027 09:30,In-Person,Parramatta,UG_003,Other
APT0550,10/02/2027 11:30,10/02/2027 12:30,In-Person,NonExistingLocation,UG_003,Male
APT0551,10/02/2027 23:00,11/02/2027 00:30,In-Person,Geelong,UG_001,N/A
APT0552,10/02/2027 14:30,10/02/2027 15:00,In-Person,Geelong,UG_001,Male
APT0553,10/02/2027 15:30,10/02/2027 16:00,Online,,UG_001,Male
APT0554,10/02/2027 12:30,10/02/2027 14:00,In-Person,Geelong,UG_999,Female
APT0555,10/02/2027 17:00,10/02/2027 17:30,In-Person,Sydney CBD,UG_001,Male
APT0556,10/02/2027 12:00,10/02/2027 13:30,Online,,UG_005,Female
APT0557,10/02/2027 23:00,11/02/2027 00:30,In-Person,Gold Coast,UG_001,Male
APT0558,10/02/2027 17:00,10/02/2027 17:30,In-Person,Parramatta,UG_005,Female
APT0559,10/02/2027 16:30,10/02/2027 17:00,In-Person,Parramatta,UG_007,Other
APT0560,10/02/2027 17:00,10/02/2027 17:30,Online,,UG_999,Female
APT0561,10/02/2027 13:30,10/02/2027 14:30,Online,,UG_003,Female
APT0562,10/02/2027 09:30,10/02/2027 10:30,In-Person,NonExistingLocation,UG_001,Female
APT0563,10/02/2027 23:00,11/02/2027 00:30,Online,,UG_001,Male
APT0564,10/02/2027 13:00,10/02/2027 14:00,In-Person,Canberra,UG_005,N/A
APT0565,10/02/2027 17:30,10/02/2027 19:00,Online,,UG_007,Female
APT0566,10/02/2027 16:30,10/02/2027 17:30,Online,,UG_999,Female
APT0567,10/02/2027 09:00,10/02/2027 10:00,Online,,UG_003,Other
APT0568,10/02/2027 15:30,10/02/2027 17:00,In-Person,NonExistingLocation,UG_007,Male
APT0569,10/02/2027 23:00,11/02/2027 00:30,Online,,UG_007,Male
APT0570,10/02/2027 10:30,10/02/2027 11:00,Online,,UG_003,Other
APT0571,10/02/2027 11:00,10/02/2027 12:30,Online,,UG_001,Female
APT0572,10/02/2027 14:30,10/02/2027 16:00,Online,,UG_999,Other
APT0573,10/02/2027 14:00,10/02/2027 15:00,Online,,UG_007,Other
APT0574,10/02/2027 12:00,10/02/2027 12:30,Online,,UG_001,Male
APT0575,10/02/2027 23:00,11/02/2027 00:30,Online,,UG_003,Female
APT0576,10/02/2027 08:00,10/02/2027 08:30,In-Person,Geelong,UG_007,Male
APT0577,10/02/2027 10:30,10/02/2027 11:30,Online,,UG_003,Other
APT0578,10/02/2027 17:30,10/02/2027 19:00,In-Person,Geelong,UG_999,N/A
APT0579,10/02/2027 11:00,10/02/2027 12:00,Online,,UG_007,Other
APT0580,10/02/2027 13:00,10/02/2027 14:30,In-Person,NonExistingLocation,UG_007,Male
APT0581,10/02/2027 23:00,11/02/2027 00:30,Online,,UG_007,N/A
APT0582,10/02/2027 15:00,10/02/2027 15:30,In-Person,Parramatta,UG_005,Female
APT0583,10/02/2027 15:30,10/02/2027 16:30,In-Person,Sydney CBD,UG_007,N/A
APT0584,10/02/2027 09:30,10/02/2027 11:00,Online,,UG_999,N/A
APT0585,10/02/2027 16:30,10/02/2027 17:00,In-Person,Canberra,UG_005,Other
APT0586,10/02/2027 14:00,10/02/2027 15:30,Online,,UG_005,Other
APT0587,10/02/2027 23:00,11/02/2027 00:30,In-Person,Parramatta,UG_005,Other
APT0588,10/02/2027 17:00,10/02/2027 17:30,Online,,UG_007,Male
APT0589,10/02/2027 14:30,10/02/2027 15:30,Online,,UG_007,Other
APT0590,10/02/2027 08:30,10/02/2027 10:00,In-Person,Parramatta,UG_999,Other
APT0591,10/02/2027 17:00,10/02/2027 17:30,In-Person,Sydney CBD,UG_001,Male
APT0592,10/02/2027 08:00,10/02/2027 09:30,Online,,UG_001,N/A
APT0593,10/02/2027 23:00,11/02/2027 00:30,Online,,UG_005,Male
APT0594,10/02/2027 15:30,10/02/2027 17:00,In-Person,Sydney CBD,UG_007,N/A
APT0595,10/02/2027 13:00,10/02/2027 14:30,In-Person,Canberra,UG_001,Female
APT0596,10/02/2027 13:00,10/02/2027 14:00,Online,,UG_999,Other
APT0597,10/02/2027 13:30,10/02/2027 14:30,In-Person,Canberra,UG_001,Female
APT0598,10/02/2027 12:00,10/02/2027 12:30,Online,,UG_007,Female
APT0599,10/02/2027 23:00,11/02/2027 00:30,In-Person,Gold Coast,UG_001,Other
APT0600,10/02/2027 12:00,10/02/2027 12:30,Online,,UG_007,Female
APT0601,10/02/2027 13:30,10/02/2027 14:00,Online,,UG_005,N/A
APT0602,10/02/2027 16:30,10/02/2027 17:30,In-Person,Canberra,UG_999,Other
APT0603,10/02/2027 17:30,10/02/2027 19:00,Online,,UG_003,Other
APT0604,10/02/2027 16:00,10/02/2027 16:30,Online,,UG_003,N/A
APT0605,10/02/2027 23:00,11/02/2027 00:30,Online,,UG_001,Female
APT0606,10/02/2027 13:30,10/02/2027 14:30,In-Person,Parramatta,UG_003,Other
APT0607,10/02/2027 14:30,10/02/2027 15:30,Online,,UG_001,Female
APT0608,10/02/2027 14:30,10/02/2027 15:30,Online,,UG_999,Other
APT0609,10/02/2027 17:30,10/02/2027 18:00,Online,,UG_003,Male
APT0610,10/02/2027 11:00,10/02/2027 11:30,In-Person,NonExistingLocation,UG_007,N/A
APT0611,10/02/2027 23:00,11/02/2027 00:30,Online,,UG_001,Female
APT0612,10/02/2027 10:30,10/02/2027 11:30,In-Person,Geelong,UG_005,Other
APT0613,10/02/2027 16:30,10/02/2027 17:00,In-Person,Canberra,UG_001,Male
APT0614,10/02/2027 09:00,10/02/2027 10:00,Online,,UG_999,N/A
APT0615,10/02/2027 13:30,10/02/2027 15:00,In-Person,Canberra,UG_003,Male
APT0616,10/02/2027 17:00,10/02/2027 18:30,In-Person,NonExistingLocation,UG_005,N/A
APT0617,10/02/2027 23:00,11/02/2027 00:30,In-Person,Sydney CBD,UG_005,N/A
APT0618,10/02/2027 11:30,10/02/2027 12:30,In-Person,Parramatta,UG_001,Female
APT0619,10/02/2027 11:00,10/02/2027 12:00,Online,,UG_007,Other
APT0620,10/02/2027 17:00,10/02/2027 17:30,Online,,UG_999,Male
APT0621,10/02/2027 13:00,10/02/2027 14:30,Online,,UG_007,Female
APT0622,10/02/2027 10:00,10/02/2027 11:00,Online,,UG_005,Other
APT0623,10/02/2027 23:00,11/02/2027 00:30,In-Person,Geelong,UG_003,Other
APT0624,10/02/2027 16:30,10/02/2027 17:30,Online,,UG_005,Male
APT0625,10/02/2027 16:30,10/02/2027 17:00,Online,,UG_007,Male
APT0626,10/02/2027 14:00,10/02/2027 15:00,Online,,UG_999,Female
APT0627,10/02/2027 12:30,10/02/2027 13:00,In-Person,Canberra,UG_005,Male
APT0628,10/02/2027 12:00,10/02/2027 12:30,Online,,UG_007,N/A
APT0629,10/02/2027 23:00,11/02/2027 00:30,Online,,UG_001,Female
APT0630,10/02/2027 12:00,10/02/2027 13:30,In-Person,Sydney CBD,UG_007,Other
APT0631,10/02/2027 15:00,10/02/2027 16:30,In-Person,Geelong,UG_003,N/A
APT0632,10/02/2027 10:00,10/02/2027 10:30,Online,,UG_999,Other
APT0633,10/02/2027 13:00,10/02/2027 14:30,In-Person,Geelong,UG_003,Other
APT0634,10/02/2027 10:00,10/02/2027 11:30,Online,,UG_005,N/A
APT0635,10/02/2027 23:00,11/02/2027 00:30,In-Person,Sydney CBD,UG_003,Other
APT0636,10/02/2027 12:30,10/02/2027 13:00,In-Person,Canberra,UG_005,Female
APT0637,10/02/2027 14:00,10/02/2027 15:00,In-Person,Geelong,UG_001,Female
APT0638,10/02/2027 09:00,10/02/2027 10:00,In-Person,Sydney CBD,UG_999,Male
APT0639,10/02/2027 14:00,10/02/2027 15:30,Online,,UG_005,Male
APT0640,10/02/2027 13:30,10/02/2027 14:00,In-Person,NonExistingLocation,UG_007,N/A
APT0641,10/02/2027 23:00,11/02/2027 00:30,In-Person,Parramatta,UG_003,Other
APT0642,10/02/2027 12:30,10/02/2027 14:00,Online,,UG_007,Female
APT0643,10/02/2027 14:30,10/02/2027 15:00,In-Person,Sydney CBD,UG_003,N/A
APT0644,10/02/2027 10:30,10/02/2027 11:30,In-Person,Geelong,UG_999,Other
APT0645,10/02/2027 11:30,10/02/2027 13:00,Online,,UG_003,Other
APT0646,10/02/2027 15:00,10/02/2027 15:30,In-Person,NonExistingLocation,UG_003,Other
APT0647,10/02/2027 23:00,11/02/2027 00:30,In-Person,Canberra,UG_007,Other
APT0648,10/02/2027 09:00,10/02/2027 09:30,In-Person,Geelong,UG_005,Female
APT0649,10/02/2027 15:30,10/02/2027 16:30,In-Person,Geelong,UG_005,N/A
APT0650,10/02/2027 12:30,10/02/2027 13:30,Online,,UG_999,Male
APT0651,10/02/2027 17:00,10/02/2027 17:30,Online,,UG_003,Female
APT0652,10/02/2027 15:00,10/02/2027 15:30,In-Person,NonExistingLocation,UG_007,Female
APT0653,10/02/2027 23:00,11/02/2027 00:30,Online,,UG_001,Female
APT0654,10/02/2027 15:30,10/02/2027 16:30,Online,,UG_007,Other
APT0655,10/02/2027 12:00,10/02/2027 13:30,Online,,UG_005,N/A
APT0656,10/02/2027 10:30,10/02/2027 11:30,Online,,UG_999,N/A
APT0657,10/02/2027 08:30,10/02/2027 09:00,In-Person,Geelong,UG_003,Male
APT0658,10/02/2027 15:30,10/02/2027 16:30,In-Person,NonExistingLocation,UG_007,Male
APT0659,10/02/2027 23:00,11/02/2027 00:30,Online,,UG_005,N/A
APT0660,10/02/2027 15:00,10/02/2027 16:00,In-Person,Parramatta,UG_001,Other
APT0661,10/02/2027 09:00,10/02/2027 09:30,Online,,UG_003,Female
APT0662,10/02/2027 16:00,10/02/2027 17:00,In-Person,Gold Coast,UG_999,Female
APT0663,10/02/2027 14:30,10/02/2027 15:00,In-Person,Canberra,UG_001,Male
APT0664,10/02/2027 12:30,10/02/2027 14:00,In-Person,NonExistingLocation,UG_005,Male
APT0665,10/02/2027 23:00,11/02/2027 00:30,In-Person,Geelong,UG_007,N/A
APT0666,10/02/2027 15:00,10/02/2027 16:30,Online,,UG_001,Other
APT0667,10/02/2027 08:30,10/02/2027 10:00,Online,,UG_005,Female
APT0668,10/02/2027 11:00,10/02/2027 11:30,Online,,UG_999,Male
APT0669,10/02/2027 09:00,10/02/2027 10:30,Online,,UG_001,Female
APT0670,10/02/2027 10:30,10/02/2027 11:00,Online,,UG_001,Male
APT0671,10/02/2027 23:00,11/02/2027 00:30,Online,,UG_007,Other
APT0672,10/02/2027 10:00,10/02/2027 10:30,Online,,UG_007,N/A
APT0673,10/02/2027 12:30,10/02/2027 14:00,In-Person,Sydney CBD,UG_001,Other
APT0674,10/02/2027 16:00,10/02/2027 16:30,Online,,UG_999,N/A
APT0675,10/02/2027 15:30,10/02/2027 16:30,Online,,UG_001,Female
APT0676,10/02/2027 17:30,10/02/2027 18:00,Online,,UG_007,Male
APT0677,10/02/2027 23:00,11/02/2027 00:30,Online,,UG_007,Female
APT0678,10/02/2027 10:00,10/02/2027 11:00,In-Person,Sydney CBD,UG_007,N/A
APT0679,10/02/2027 09:00,10/02/2027 10:00,Online,,UG_003,Female
APT0680,10/02/2027 12:30,10/02/2027 13:00,Online,,UG_999,Male
APT0681,10/02/2027 16:30,10/02/2027 17:00,In-Person,Gold Coast,UG_001,Female
APT0682,10/02/2027 09:30,10/02/2027 10:30,Online,,UG_005,Other
APT0683,10/02/2027 23:00,11/02/2027 00:30,In-Person,Geelong,UG_007,Female
APT0684,10/02/2027 10:30,10/02/2027 11:30,In-Person,Geelong,UG_007,Other
APT0685,10/02/2027 13:00,10/02/2027 14:30,Online,,UG_007,Other
APT0686,10/02/2027 13:00,10/02/2027 13:30,In-Person,Parramatta,UG_999,Other
APT0687,10/02/2027 09:30,10/02/2027 10:30,In-Person,Geelong,UG_007,Male
APT0688,10/02/2027 10:30,10/02/2027 12:00,Online,,UG_007,N/A
APT0689,10/02/2027 23:00,11/02/2027 00:30,Online,,UG_005,Other
APT0690,10/02/2027 14:00,10/02/2027 15:00,In-Person,Parramatta,UG_003,Male
APT0691,10/02/2027 11:00,10/02/2027 11:30,In-Person,Parramatta,UG_001,Female
APT0692,10/02/2027 15:30,10/02/2027 17:00,In-Person,Parramatta,UG_999,Female
APT0693,10/02/2027 09:00,10/02/2027 10:00,Online,,UG_003,Female
APT0694,10/02/2027 08:00,10/02/2027 08:30,In-Person,NonExistingLocation,UG_007,N/A
APT0695,10/02/2027 23:00,11/02/2027 00:30,Online,,UG_003,Female
APT0696,10/02/2027 12:30,10/02/2027 14:00,Online,,UG_001,Other
APT0697,10/02/2027 08:00,10/02/2027 08:30,Online,,UG_007,N/A
APT0698,10/02/2027 17:00,10/02/2027 18:30,Online,,UG_999,N/A
APT0699,10/02/2027 14:00,10/02/2027 15:00,Online,,UG_003,Other
APT0700,10/02/2027 08:00,10/02/2027 09:00,Online,,UG_001,Other
APT0701,10/02/2027 23:00,11/02/2027 00:30,In-Person,Canberra,UG_005,N/A
APT0702,10/02/2027 14:30,10/02/2027 15:00,In-Person,Sydney CBD,UG_003,N/A
APT0703,10/02/2027 13:30,10/02/2027 14:30,In-Person,Gold Coast,UG_003,Other
APT0704,10/02/2027 17:30,10/02/2027 19:00,Online,,UG_999,Other
APT0705,10/02/2027 14:00,10/02/2027 15:00,Online,,UG_007,Other
APT0706,10/02/2027 11:00,10/02/2027 12:00,In-Person,NonExistingLocation,UG_003,Female
APT0707,10/02/2027 23:00,11/02/2027 00:30,Online,,UG_001,N/A
APT0708,10/02/2027 15:30,10/02/2027 16:30,In-Person,Parramatta,UG_001,Male
APT0709,10/02/2027 13:30,10/02/2027 14:30,Online,,UG_003,Female
APT0710,10/02/2027 16:00,10/02/2027 16:30,In-Person,Sydney CBD,UG_999,Male
APT0711,10/02/2027 17:30,10/02/2027 18:00,In-Person,Gold Coast,UG_003,Female
APT0712,10/02/2027 13:00,10/02/2027 14:00,In-Person,NonExistingLocation,UG_005,Female
APT0713,10/02/2027 23:00,11/02/2027 00:30,In-Person,Geelong,UG_007,N/A
APT0714,10/02/2027 09:30,10/02/2027 10:00,In-Person,Gold Coast,UG_001,Male
APT0715,10/02/2027 10:30,10/02/2027 12:00,In-Person,Parramatta,UG_005,Female
APT0716,10/02/2027 12:30,10/02/2027 14:00,Online,,UG_999,Male
APT0717,10/02/2027 10:00,10/02/2027 11:30,Online,,UG_005,Male
APT0718,10/02/2027 11:00,10/02/2027 12:00,Online,,UG_001,Female
APT0719,10/02/2027 23:00,11/02/2027 00:30,Online,,UG_003,Male
APT0720,10/02/2027 12:00,10/02/2027 13:00,Online,,UG_005,Female
APT0721,10/02/2027 10:00,10/02/2027 11:30,Online,,UG_003,Female
APT0722,10/02/2027 14:30,10/02/2027 15:30,Online,,UG_999,Other
APT0723,10/02/2027 08:00,10/02/2027 09:00,In-Person,Geelong,UG_001,Female
APT0724,10/02/2027 13:00,10/02/2027 14:00,In-Person,NonExistingLocation,UG_001,N/A
APT0725,10/02/2027 23:00,11/02/2027 00:30,In-Person,Gold Coast,UG_001,Other
APT0726,10/02/2027 14:30,10/02/2027 15:30,Online,,UG_005,Other
APT0727,10/02/2027 08:00,10/02/2027 09:00,In-Person,Canberra,UG_007,Female
APT0728,10/02/2027 16:30,10/02/2027 18:00,Online,,UG_999,N/A
APT0729,10/02/2027 11:00,10/02/2027 12:00,In-Person,Geelong,UG_005,Other
APT0730,10/02/2027 10:00,10/02/2027 11:30,Online,,UG_003,Male
APT0731,10/02/2027 23:00,11/02/2027 00:30,Online,,UG_005,Female
APT0732,10/02/2027 08:00,10/02/2027 08:30,Online,,UG_003,Other
APT0733,10/02/2027 14:30,10/02/2027 16:00,In-Person,Geelong,UG_005,Other
APT0734,10/02/2027 16:00,10/02/2027 17:00,In-Person,Geelong,UG_999,N/A
APT0735,10/02/2027 12:30,10/02/2027 14:00,In-Person,Canberra,UG_005,Other
APT0736,10/02/2027 17:00,10/02/2027 18:30,In-Person,NonExistingLocation,UG_005,Other
APT0737,10/02/2027 23:00,11/02/2027 00:30,In-Person,Canberra,UG_003,Male
APT0738,10/02/2027 13:00,10/02/2027 14:30,In-Person,Sydney CBD,UG_007,Male
APT0739,10/02/2027 10:00,10/02/2027 11:30,Online,,UG_007,Male
APT0740,10/02/2027 09:00,10/02/2027 09:30,Online,,UG_999,N/A
APT0741,10/02/2027 11:00,10/02/2027 12:00,In-Person,Sydney CBD,UG_007,Female
APT0742,10/02/2027 17:00,10/02/2027 18:00,Online,,UG_007,N/A
APT0743,10/02/2027 23:00,11/02/2027 00:30,In-Person,Gold Coast,UG_003,N/A
APT0744,10/02/2027 15:00,10/02/2027 15:30,In-Person,Parramatta,UG_007,N/A
APT0745,10/02/2027 08:30,10/02/2027 10:00,In-Person,Gold Coast,UG_005,Male
APT0746,10/02/2027 17:30,10/02/2027 18:30,In-Person,Geelong,UG_999,Other
APT0747,10/02/2027 08:30,10/02/2027 10:00,In-Person,Geelong,UG_005,Female
APT0748,10/02/2027 12:30,10/02/2027 13:30,Online,,UG_001,Female
APT0749,10/02/2027 23:00,11/02/2027 00:30,Online,,UG_001,Other
APT0750,10/02/2027 12:30,10/02/2027 13:00,In-Person,Canberra,UG_001,Male
APT0751,10/02/2027 16:30,10/02/2027 17:30,In-Person,Geelong,UG_007,N/A
APT0752,10/02/2027 17:00,10/02/2027 18:00,Online,,UG_999,N/A
APT0753,10/02/2027 15:30,10/02/2027 17:00,In-Person,Parramatta,UG_007,Other
APT0754,10/02/2027 15:00,10/02/2027 15:30,Online,,UG_001,N/A
APT0755,10/02/2027 23:00,11/02/2027 00:30,Online,,UG_005,Male
APT0756,10/02/2027 15:00,10/02/2027 16:30,Online,,UG_001,Female
APT0757,10/02/2027 08:00,10/02/2027 09:30,Online,,UG_001,Male
APT0758,10/02/2027 11:00,10/02/2027 12:30,In-Person,Gold Coast,UG_999,N/A
APT0759,10/02/2027 16:00,10/02/2027 16:30,In-Person,Gold Coast,UG_003,Female
APT0760,10/02/2027 11:00,10/02/2027 11:30,Online,,UG_001,Other
APT0761,10/02/2027 23:00,11/02/2027 00:30,In-Person,Canberra,UG_001,Other
APT0762,10/02/2027 14:30,10/02/2027 15:00,Online,,UG_001,Other
APT0763,10/02/2027 14:00,10/02/2027 15:00,In-Person,Geelong,UG_001,Female
APT0764,10/02/2027 12:30,10/02/2027 13:00,In-Person,Sydney CBD,UG_999,Female
APT0765,10/02/2027 12:30,10/02/2027 13:30,In-Person,Geelong,UG_005,Male
APT0766,10/02/2027 08:30,10/02/2027 09:30,Online,,UG_001,Other
APT0767,10/02/2027 23:00,11/02/2027 00:30,Online,,UG_005,N/A
APT0768,10/02/2027 09:30,10/02/2027 10:00,In-Person,Parramatta,UG_003,N/A
APT0769,10/02/2027 16:00,10/02/2027 17:30,Online,,UG_001,Other
APT0770,10/02/2027 08:30,10/02/2027 09:30,Online,,UG_999,Male
APT0771,10/02/2027 15:30,10/02/2027 16:00,Online,,UG_003,Female
APT0772,10/02/2027 16:30,10/02/2027 18:00,In-Person,NonExistingLocation,UG_003,Other
APT0773,10/02/2027 23:00,11/02/2027 00:30,Online,,UG_001,Female
APT0774,10/02/2027 10:00,10/02/2027 11:00,In-Person,Parramatta,UG_007,N/A
APT0775,10/02/2027 08:30,10/02/2027 09:00,Online,,UG_005,Female
APT0776,10/02/2027 08:00,10/02/2027 08:30,Online,,UG_999,Other
APT0777,10/02/2027 14:00,10/02/2027 15:00,In-Person,Gold Coast,UG_005,Male
APT0778,10/02/2027 16:30,10/02/2027 18:00,In-Person,NonExistingLocation,UG_001,N/A
APT0779,10/02/2027 23:00,11/02/2027 00:30,Online,,UG_007,Female
APT0780,10/02/2027 17:30,10/02/2027 19:00,Online,,UG_005,Other
APT0781,10/02/2027 15:00,10/02/2027 16:00,In-Person,Sydney CBD,UG_005,Female
APT0782,10/02/2027 15:00,10/02/2027 16:30,Online,,UG_999,Female
APT0783,10/02/2027 08:00,10/02/2027 09:30,Online,,UG_001,Other
APT0784,10/02/2027 10:30,10/02/2027 11:30,Online,,UG_007,Male
APT0785,10/02/2027 23:00,11/02/2027 00:30,In-Person,Canberra,UG_001,Other
APT0786,10/02/2027 14:00,10/02/2027 15:30,Online,,UG_007,Female
APT0787,10/02/2027 08:00,10/02/2027 08:30,Online,,UG_005,Female
APT0788,10/02/2027 15:00,10/02/2027 15:30,In-Person,Geelong,UG_999,Other
APT0789,10/02/2027 11:00,10/02/2027 11:30,Online,,UG_003,Female
APT0790,10/02/2027 13:30,10/02/2027 14:00,Online,,UG_007,Female
APT0791,10/02/2027 23:00,11/02/2027 00:30,Online,,UG_001,Other
APT0792,10/02/2027 17:00,10/02/2027 18:30,Online,,UG_003,Female
APT0793,10/02/2027 17:00,10/02/2027 18:30,In-Person,Geelong,UG_003,Male
APT0794,10/02/2027 10:00,10/02/2027 11:00,In-Person,Gold Coast,UG_999,Female
APT0795,10/02/2027 08:00,10/02/2027 09:30,Online,,UG_007,Female
APT0796,10/02/2027 08:30,10/02/2027 09:30,Online,,UG_007,Other
APT0797,10/02/2027 23:00,11/02/2027 00:30,Online,,UG_007,Other
APT0798,10/02/2027 16:00,10/02/2027 16:30,In-Person,Geelong,UG_005,N/A
APT0799,10/02/2027 16:30,10/02/2027 17:30,Online,,UG_001,N/A
APT0800,10/02/2027 11:00,10/02/2027 12:00,In-Person,Gold Coast,UG_999,Female
APT0801,10/02/2027 14:30,10/02/2027 15:00,In-Person,Parramatta,UG_003,Female
APT0802,10/02/2027 09:00,10/02/2027 10:30,In-Person,NonExistingLocation,UG_007,N/A
APT0803,10/02/2027 23:00,11/02/2027 00:30,Online,,UG_005,Female
APT0804,10/02/2027 09:30,10/02/2027 10:30,In-Person,Sydney CBD,UG_001,Other
APT0805,10/02/2027 16:00,10/02/2027 16:30,In-Person,Gold Coast,UG_007,Male
APT0806,10/02/2027 15:00,10/02/2027 16:30,In-Person,Geelong,UG_999,Male
APT0807,10/02/2027 14:00,10/02/2027 15:00,In-Person,Parramatta,UG_001,Male
APT0808,10/02/2027 12:30,10/02/2027 14:00,Online,,UG_001,Male
APT0809,10/02/2027 23:00,11/02/2027 00:30,In-Person,Sydney CBD,UG_007,N/A
APT0810,10/02/2027 09:30,10/02/2027 11:00,Online,,UG_003,Male
APT0811,10/02/2027 15:00,10/02/2027 16:00,Online,,UG_007,Male
APT0812,10/02/2027 13:00,10/02/2027 14:30,In-Person,Canberra,UG_999,Female
APT0813,10/02/2027 09:30,10/02/2027 10:00,In-Person,Gold Coast,UG_001,Other
APT0814,10/02/2027 10:00,10/02/2027 11:30,Online,,UG_005,N/A
APT0815,10/02/2027 23:00,11/02/2027 00:30,Online,,UG_003,Female
APT0816,10/02/2027 10:00,10/02/2027 10:30,In-Person,Parramatta,UG_005,N/A
APT0817,10/02/2027 16:00,10/02/2027 17:30,Online,,UG_005,Female
APT0818,10/02/2027 10:00,10/02/2027 11:00,Online,,UG_999,Other
APT0819,10/02/2027 13:30,10/02/2027 14:00,In-Person,Geelong,UG_003,Female
APT0820,10/02/2027 13:30,10/02/2027 14:00,In-Person,NonExistingLocation,UG_001,Other
APT0821,10/02/2027 23:00,11/02/2027 00:30,Online,,UG_007,Other
APT0822,10/02/2027 17:00,10/02/2027 18:30,Online,,UG_005,N/A
APT0823,10/02/2027 13:00,10/02/2027 13:30,In-Person,Canberra,UG_001,N/A
APT0824,10/02/2027 11:30,10/02/2027 12:00,In-Person,Parramatta,UG_999,Female
APT0825,10/02/2027 11:30,10/02/2027 12:30,Online,,UG_007,Female
APT0826,10/02/2027 10:30,10/02/2027 11:00,Online,,UG_001,Male
APT0827,10/02/2027 23:00,11/02/2027 00:30,In-Person,Parramatta,UG_005,N/A
APT0828,10/02/2027 11:00,10/02/2027 12:30,Online,,UG_001,Male
APT0829,10/02/2027 11:00,10/02/2027 11:30,Online,,UG_003,Female
APT0830,10/02/2027 12:00,10/02/2027 13:30,In-Person,Sydney CBD,UG_999,Female
APT0831,10/02/2027 11:00,10/02/2027 11:30,In-Person,Sydney CBD,UG_001,Other
APT0832,10/02/2027 10:00,10/02/2027 11:00,In-Person,NonExistingLocation,UG_003,Other
APT0833,10/02/2027 23:00,11/02/2027 00:30,Online,,UG_005,Female
APT0834,10/02/2027 16:00,10/02/2027 17:30,Online,,UG_001,Male
APT0835,10/02/2027 10:00,10/02/2027 10:30,In-Person,Parramatta,UG_007,Other
APT0836,10/02/2027 13:00,10/02/2027 14:30,Online,,UG_999,Male
APT0837,10/02/2027 17:30,10/02/2027 19:00,In-Person,Gold Coast,UG_005,Female
APT0838,10/02/2027 11:30,10/02/2027 12:00,Online,,UG_003,N/A
APT0839,10/02/2027 23:00,11/02/2027 00:30,In-Person,Canberra,UG_001,Female
APT0840,10/02/2027 16:00,10/02/2027 17:00,Online,,UG_007,N/A
APT0841,10/02/2027 10:30,10/02/2027 11:30,Online,,UG_007,N/A
APT0842,10/02/2027 15:30,10/02/2027 16:30,Online,,UG_999,Female
APT0843,10/02/2027 11:30,10/02/2027 12:00,Online,,UG_003,Male
APT0844,10/02/2027 12:30,10/02/2027 13:30,Online,,UG_003,Other
APT0845,10/02/2027 23:00,11/02/2027 00:30,In-Person,Parramatta,UG_001,Other
APT0846,10/02/2027 15:00,10/02/2027 16:30,Online,,UG_003,Male
APT0847,10/02/2027 15:00,10/02/2027 16:30,Online,,UG_007,N/A
APT0848,10/02/2027 15:00,10/02/2027 16:00,Online,,UG_999,N/A
APT0849,10/02/2027 13:00,10/02/2027 14:00,Online,,UG_001,Female
APT0850,10/02/2027 11:30,10/02/2027 12:30,In-Person,NonExistingLocation,UG_001,Other
APT0851,10/02/2027 23:00,11/02/2027 00:30,In-Person,Sydney CBD,UG_003,Male
APT0852,10/02/2027 09:30,10/02/2027 10:00,Online,,UG_001,Female
APT0853,10/02/2027 13:00,10/02/2027 13:30,Online,,UG_005,Other
APT0854,10/02/2027 12:00,10/02/2027 12:30,In-Person,Gold Coast,UG_999,Male
APT0855,10/02/2027 12:30,10/02/2027 13:30,Online,,UG_007,Other
APT0856,10/02/2027 08:00,10/02/2027 09:00,In-Person,NonExistingLocation,UG_003,Female
APT0857,10/02/2027 23:00,11/02/2027 00:30,In-Person,Gold Coast,UG_007,N/A
APT0858,10/02/2027 13:00,10/02/2027 13:30,Online,,UG_003,N/A
APT0859,10/02/2027 14:30,10/02/2027 15:00,Online,,UG_007,Male
APT0860,10/02/2027 13:30,10/02/2027 14:00,In-Person,Sydney CBD,UG_999,N/A
APT0861,10/02/2027 13:30,10/02/2027 14:30,In-Person,Canberra,UG_007,Other
APT0862,10/02/2027 16:30,10/02/2027 17:30,Online,,UG_001,Male
APT0863,10/02/2027 23:00,11/02/2027 00:30,Online,,UG_007,N/A
APT0864,10/02/2027 11:00,10/02/2027 12:00,In-Person,Gold Coast,UG_007,Female
APT0865,10/02/2027 15:30,10/02/2027 16:00,Online,,UG_007,Other
APT0866,10/02/2027 09:00,10/02/2027 09:30,In-Person,Gold Coast,UG_999,Male
APT0867,10/02/2027 17:30,10/02/2027 18:30,In-Person,Parramatta,UG_003,Female
APT0868,10/02/2027 12:30,10/02/2027 13:00,In-Person,NonExistingLocation,UG_001,N/A
APT0869,10/02/2027 23:00,11/02/2027 00:30,In-Person,Parramatta,UG_005,N/A
APT0870,10/02/2027 14:00,10/02/2027 14:30,In-Person,Parramatta,UG_007,N/A
APT0871,10/02/2027 09:00,10/02/2027 10:00,In-Person,Parramatta,UG_003,Other
APT0872,10/02/2027 14:30,10/02/2027 16:00,Online,,UG_999,Other
APT0873,10/02/2027 17:00,10/02/2027 17:30,Online,,UG_005,Male
APT0874,10/02/2027 10:00,10/02/2027 11:00,In-Person,NonExistingLocation,UG_003,Other
APT0875,10/02/2027 23:00,11/02/2027 00:30,Online,,UG_007,Male
APT0876,10/02/2027 09:00,10/02/2027 10:00,Online,,UG_005,Other
APT0877,10/02/2027 14:00,10/02/2027 15:30,In-Person,Canberra,UG_003,Female
APT0878,10/02/2027 17:30,10/02/2027 19:00,Online,,UG_999,N/A
APT0879,10/02/2027 10:30,10/02/2027 12:00,In-Person,Canberra,UG_001,Male
APT0880,10/02/2027 12:00,10/02/2027 13:30,Online,,UG_001,Female
APT0881,10/02/2027 23:00,11/02/2027 00:30,In-Person,Sydney CBD,UG_001,Male
APT0882,10/02/2027 16:00,10/02/2027 17:00,Online,,UG_007,Female
APT0883,10/02/2027 12:00,10/02/2027 12:30,In-Person,Canberra,UG_001,Male
APT0884,10/02/2027 15:00,10/02/2027 16:00,Online,,UG_999,Female
APT0885,10/02/2027 14:00,10/02/2027 14:30,In-Person,Sydney CBD,UG_001,Female
APT0886,10/02/2027 15:00,10/02/2027 16:00,Online,,UG_001,Male
APT0887,10/02/2027 23:00,11/02/2027 00:30,In-Person,Canberra,UG_003,N/A
APT0888,10/02/2027 12:00,10/02/2027 12:30,In-Person,Geelong,UG_001,Female
APT0889,10/02/2027 12:30,10/02/2027 13:00,Online,,UG_003,Male
APT0890,10/02/2027 08:00,10/02/2027 09:30,Online,,UG_999,N/A
APT0891,10/02/2027 13:30,10/02/2027 14:00,In-Person,Geelong,UG_003,Other
APT0892,10/02/2027 08:30,10/02/2027 10:00,In-Person,NonExistingLocation,UG_005,N/A
APT0893,10/02/2027 23:00,11/02/2027 00:30,In-Person,Geelong,UG_007,Female
APT0894,10/02/2027 11:30,10/02/2027 12:30,In-Person,Parramatta,UG_001,Male
APT0895,10/02/2027 14:30,10/02/2027 15:00,In-Person,Sydney CBD,UG_003,Male
APT0896,10/02/2027 11:30,10/02/2027 12:00,In-Person,Parramatta,UG_999,N/A
APT0897,10/02/2027 16:00,10/02/2027 16:30,Online,,UG_005,Other
APT0898,10/02/2027 11:00,10/02/2027 12:30,Online,,UG_007,Male
APT0899,10/02/2027 23:00,11/02/2027 00:30,In-Person,Sydney CBD,UG_005,Female
APT0900,10/02/2027 08:00,10/02/2027 09:00,Online,,UG_001,N/A
APT0901,10/02/2027 11:00,10/02/2027 12:00,In-Person,Geelong,UG_005,Other
APT0902,10/02/2027 08:30,10/02/2027 09:00,In-Person,Canberra,UG_999,N/A
APT0903,10/02/2027 09:30,10/02/2027 11:00,In-Person,Sydney CBD,UG_001,Other
APT0904,10/02/2027 14:00,10/02/2027 15:30,In-Person,NonExistingLocation,UG_003,Other
APT0905,10/02/2027 23:00,11/02/2027 00:30,Online,,UG_001,N/A
APT0906,10/02/2027 14:00,10/02/2027 15:30,In-Person,Gold Coast,UG_001,Female
APT0907,10/02/2027 08:00,10/02/2027 09:30,In-Person,Sydney CBD,UG_003,N/A
APT0908,10/02/2027 11:30,10/02/2027 13:00,In-Person,Geelong,UG_999,Other
APT0909,10/02/2027 15:30,10/02/2027 16:30,In-Person,Parramatta,UG_007,Other
APT0910,10/02/2027 08:30,10/02/2027 09:00,Online,,UG_005,Female
APT0911,10/02/2027 23:00,11/02/2027 00:30,In-Person,Gold Coast,UG_007,Other
APT0912,10/02/2027 08:00,10/02/2027 08:30,Online,,UG_005,Female
APT0913,10/02/2027 11:00,10/02/2027 12:30,In-Person,Parramatta,UG_003,N/A
APT0914,10/02/2027 16:00,10/02/2027 17:00,In-Person,Canberra,UG_999,Male
APT0915,10/02/2027 15:30,10/02/2027 16:00,In-Person,Geelong,UG_003,Male
APT0916,10/02/2027 09:00,10/02/2027 09:30,In-Person,NonExistingLocation,UG_001,N/A
APT0917,10/02/2027 23:00,11/02/2027 00:30,In-Person,Parramatta,UG_003,N/A
APT0918,10/02/2027 10:30,10/02/2027 12:00,In-Person,Sydney CBD,UG_005,N/A
APT0919,10/02/2027 11:00,10/02/2027 12:00,Online,,UG_001,Other
APT0920,10/02/2027 14:00,10/02/2027 15:00,In-Person,Canberra,UG_999,N/A
APT0921,10/02/2027 16:00,10/02/2027 17:30,Online,,UG_003,Male
APT0922,10/02/2027 14:00,10/02/2027 15:00,In-Person,NonExistingLocation,UG_003,Female
APT0923,10/02/2027 23:00,11/02/2027 00:30,Online,,UG_005,N/A
APT0924,10/02/2027 12:30,10/02/2027 13:30,Online,,UG_001,Other
APT0925,10/02/2027 10:00,10/02/2027 11:30,Online,,UG_003,Female
APT0926,10/02/2027 11:00,10/02/2027 11:30,In-Person,Gold Coast,UG_999,N/A
APT0927,10/02/2027 14:00,10/02/2027 15:00,Online,,UG_005,Female
APT0928,10/02/2027 12:30,10/02/2027 14:00,In-Person,NonExistingLocation,UG_001,Male
APT0929,10/02/2027 23:00,11/02/2027 00:30,In-Person,Parramatta,UG_007,Other
APT0930,10/02/2027 13:30,10/02/2027 15:00,Online,,UG_005,Male
APT0931,10/02/2027 14:00,10/02/2027 15:00,In-Person,Parramatta,UG_007,Male
APT0932,10/02/2027 13:30,10/02/2027 15:00,In-Person,Parramatta,UG_999,N/A
APT0933,10/02/2027 10:00,10/02/2027 11:00,In-Person,Gold Coast,UG_003,Male
APT0934,10/02/2027 09:00,10/02/2027 10:30,Online,,UG_007,Male
APT0935,10/02/2027 23:00,11/02/2027 00:30,Online,,UG_003,N/A
APT0936,10/02/2027 12:00,10/02/2027 13:30,Online,,UG_007,Other
APT0937,10/02/2027 14:30,10/02/2027 16:00,In-Person,Geelong,UG_005,Female
APT0938,10/02/2027 12:00,10/02/2027 13:30,In-Person,Canberra,UG_999,Male
APT0939,10/02/2027 10:30,10/02/2027 11:30,In-Person,Geelong,UG_001,Other
APT0940,10/02/2027 14:30,10/02/2027 16:00,Online,,UG_007,Female
APT0941,10/02/2027 23:00,11/02/2027 00:30,In-Person,Parramatta,UG_003,N/A
APT0942,10/02/2027 10:30,10/02/2027 12:00,In-Person,Canberra,UG_003,Female
APT0943,10/02/2027 11:00,10/02/2027 11:30,In-Person,Parramatta,UG_005,N/A
APT0944,10/02/2027 15:00,10/02/2027 16:30,In-Person,Parramatta,UG_999,Other
APT0945,10/02/2027 09:00,10/02/2027 10:00,In-Person,Sydney CBD,UG_001,Male
APT0946,10/02/2027 17:00,10/02/2027 17:30,Online,,UG_007,Male
APT0947,10/02/2027 23:00,11/02/2027 00:30,Online,,UG_001,Male
APT0948,10/02/2027 09:30,10/02/2027 10:00,In-Person,Canberra,UG_005,N/A
APT0949,10/02/2027 15:30,10/02/2027 16:30,Online,,UG_005,Other
APT0950,10/02/2027 13:00,10/02/2027 14:00,In-Person,Sydney CBD,UG_999,N/A
APT0951,10/02/2027 17:30,10/02/2027 18:00,Online,,UG_005,Male
APT0952,10/02/2027 15:00,10/02/2027 16:30,Online,,UG_003,Male
APT0953,10/02/2027 23:00,11/02/2027 00:30,Online,,UG_003,Other
APT0954,10/02/2027 15:00,10/02/2027 16:30,Online,,UG_007,Female
APT0955,10/02/2027 08:00,10/02/2027 09:30,Online,,UG_001,Other
APT0956,10/02/2027 08:30,10/02/2027 10:00,Online,,UG_999,Female
APT0957,10/02/2027 17:30,10/02/2027 18:30,Online,,UG_001,Female
APT0958,10/02/2027 15:30,10/02/2027 17:00,In-Person,NonExistingLocation,UG_005,Female
APT0959,10/02/2027 23:00,11/02/2027 00:30,In-Person,Parramatta,UG_007,Male
APT0960,10/02/2027 12:30,10/02/2027 14:00,Online,,UG_003,N/A
APT0961,10/02/2027 09:30,10/02/2027 10:30,In-Person,Parramatta,UG_003,Female
APT0962,10/02/2027 09:00,10/02/2027 09:30,Online,,UG_999,Female
APT0963,10/02/2027 13:00,10/02/2027 14:00,Online,,UG_003,Other
APT0964,10/02/2027 15:30,10/02/2027 17:00,In-Person,NonExistingLocation,UG_007,Male
APT0965,10/02/2027 23:00,11/02/2027 00:30,In-Person,Sydney CBD,UG_007,N/A
APT0966,10/02/2027 16:30,10/02/2027 17:30,In-Person,Parramatta,UG_005,Male
APT0967,10/02/2027 12:30,10/02/2027 13:00,In-Person,Geelong,UG_005,Female
APT0968,10/02/2027 09:30,10/02/2027 11:00,Online,,UG_999,Other
APT0969,10/02/2027 14:00,10/02/2027 15:30,In-Person,Sydney CBD,UG_001,Female
APT0970,10/02/2027 14:30,10/02/2027 15:30,Online,,UG_003,Female
APT0971,10/02/2027 23:00,11/02/2027 00:30,In-Person,Gold Coast,UG_007,Other
APT0972,10/02/2027 10:00,10/02/2027 11:00,In-Person,Canberra,UG_007,Female
APT0973,10/02/2027 17:30,10/02/2027 18:30,In-Person,Geelong,UG_005,Other
APT0974,10/02/2027 16:00,10/02/2027 17:30,In-Person,Sydney CBD,UG_999,Female
APT0975,10/02/2027 15:30,10/02/2027 16:30,Online,,UG_001,Male
APT0976,10/02/2027 11:00,10/02/2027 12:30,In-Person,NonExistingLocation,UG_003,N/A
APT0977,10/02/2027 23:00,11/02/2027 00:30,In-Person,Geelong,UG_007,Other
APT0978,10/02/2027 14:30,10/02/2027 16:00,Online,,UG_005,N/A
APT0979,10/02/2027 14:00,10/02/2027 14:30,Online,,UG_005,Female
APT0980,10/02/2027 16:30,10/02/2027 17:30,In-Person,Parramatta,UG_999,Male
APT0981,10/02/2027 12:30,10/02/2027 13:30,In-Person,Gold Coast,UG_003,Other
APT0982,10/02/2027 15:30,10/02/2027 16:30,In-Person,NonExistingLocation,UG_003,Female
APT0983,10/02/2027 23:00,11/02/2027 00:30,In-Person,Parramatta,UG_007,N/A
APT0984,10/02/2027 10:30,10/02/2027 11:00,In-Person,Sydney CBD,UG_007,Female
APT0985,10/02/2027 08:30,10/02/2027 09:00,Online,,UG_007,Female
APT0986,10/02/2027 14:00,10/02/2027 14:30,In-Person,Geelong,UG_999,N/A
APT0987,10/02/2027 15:30,10/02/2027 16:30,In-Person,Canberra,UG_001,Other
APT0988,10/02/2027 14:00,10/02/2027 15:00,Online,,UG_005,Male
APT0989,10/02/2027 23:00,11/02/2027 00:30,In-Person,Geelong,UG_007,Female
APT0990,10/02/2027 08:00,10/02/2027 09:30,Online,,UG_005,Male
APT0991,10/02/2027 17:00,10/02/2027 17:30,Online,,UG_007,N/A
APT0992,10/02/2027 12:30,10/02/2027 14:00,In-Person,Geelong,UG_999,Male
APT0993,10/02/2027 16:30,10/02/2027 17:00,Online,,UG_001,Other
APT0994,10/02/2027 16:30,10/02/2027 18:00,Online,,UG_001,Male
APT0995,10/02/2027 23:00,11/02/2027 00:30,In-Person,Parramatta,UG_003,Male
APT0996,10/02/2027 16:30,10/02/2027 17:30,Online,,UG_001,Male
APT0997,10/02/2027 10:00,10/02/2027 11:30,In-Person,Parramatta,UG_001,Other
APT0998,10/02/2027 08:30,10/02/2027 09:00,In-Person,Gold Coast,UG_999,Other
APT0999,10/02/2027 16:30,10/02/2027 17:00,Online,,UG_001,Female
APT1000,10/02/2027 08:30,10/02/2027 10:00,Online,,UG_007,Female
