Skill_Group,User_ID,Gender
UG_001,user001@example.com,Male
UG_005,user002@example.com,Female
UG_003,user003@example.com,Female
UG_001,user004@example.com,Male
UG_007,user005@example.com,Male
UG_001,user006@example.com,Male
UG_003,user007@example.com,Female
UG_001,user008@example.com,Female
UG_007,user009@example.com,Female
UG_007,user010@example.com,Other
UG_001,user011@example.com,Female
UG_007,user012@example.com,Other
UG_005,user013@example.com,Female
UG_003,user014@example.com,Other
UG_001,user015@example.com,Male
UG_007,user016@example.com,Male
UG_005,user017@example.com,Other
UG_005,user018@example.com,Male
UG_007,user019@example.com,Male
UG_007,user020@example.com,Male
UG_005,user021@example.com,Other
UG_003,user022@example.com,Male
UG_001,user023@example.com,Female
UG_005,user024@example.com,Male
UG_003,user025@example.com,Male
UG_007,user026@example.com,Other
UG_007,user027@example.com,Other
UG_003,user028@example.com,Other
UG_005,user029@example.com,Female
UG_005,user030@example.com,Male
UG_003,user031@example.com,Female
UG_003,user032@example.com,N/A
UG_007,user033@example.com,Other
UG_003,user034@example.com,Other
UG_001,user035@example.com,Female
UG_001,user036@example.com,Other
UG_007,user037@example.com,Other
UG_001,user038@example.com,Female
UG_005,user039@example.com,Female
UG_007,user040@example.com,N/A
UG_007,user041@example.com,Female
UG_005,user042@example.com,Female
UG_003,user043@example.com,Other
UG_007,user044@example.com,N/A
UG_005,user045@example.com,Female
UG_003,user046@example.com,N/A
UG_001,user047@example.com,Male
UG_001,user048@example.com,Female
UG_003,user049@example.com,N/A
UG_001,user050@example.com,N/A
UG_007,user051@example.com,N/A
UG_005,user052@example.com,Male
UG_001,user053@example.com,Other
UG_005,user054@example.com,Male
UG_005,user055@example.com,N/A
UG_003,user056@example.com,N/A
UG_001,user057@example.com,Other
UG_003,user058@example.com,Male
UG_005,user059@example.com,Female
UG_003,user060@example.com,Other
UG_003,user061@example.com,Male
UG_005,user062@example.com,N/A
UG_001,user063@example.com,Male
UG_005,user064@example.com,Other
UG_003,user065@example.com,Male
UG_003,user066@example.com,Male
UG_001,user067@example.com,N/A
UG_001,user068@example.com,Female
UG_003,user069@example.com,N/A
UG_003,user070@example.com,Other
UG_007,user071@example.com,Female
UG_003,user072@example.com,Other
UG_007,user073@example.com,Other
UG_007,user074@example.com,N/A
UG_001,user075@example.com,Female
UG_003,user076@example.com,Male
UG_005,user077@example.com,Male
UG_003,user078@example.com,Female
UG_001,user079@example.com,Male
UG_001,user080@example.com,Female
UG_001,user081@example.com,Male
UG_005,user082@example.com,Male
UG_003,user083@example.com,Other
UG_007,user084@example.com,Female
UG_003,user085@example.com,N/A
UG_003,user086@example.com,N/A
UG_007,user087@example.com,Female
UG_001,user088@example.com,Male
UG_007,user089@example.com,Other
UG_007,user090@example.com,N/A
UG_007,user091@example.com,Male
UG_001,user092@example.com,Male
UG_007,user093@example.com,Other
UG_001,user094@example.com,Female
UG_003,user095@example.com,Female
UG_007,user096@example.com,Female
UG_007,user097@example.com,Female
UG_005,user098@example.com,N/A
UG_003,user099@example.com,Male
UG_007,user100@example.com,Male
UG_001,user101@example.com,Male
UG_001,user102@example.com,Female
UG_003,user103@example.com,N/A
UG_007,user104@example.com,N/A
UG_003,user105@example.com,N/A
UG_001,user106@example.com,Female
UG_007,user107@example.com,Male
UG_007,user108@example.com,Other
UG_007,user109@example.com,Other
UG_007,user110@example.com,N/A
UG_003,user111@example.com,Female
UG_005,user112@example.com,Female
UG_001,user113@example.com,Male
UG_005,user114@example.com,Male
UG_001,user115@example.com,N/A
UG_003,user116@example.com,Male
UG_001,user117@example.com,Female
UG_001,user118@example.com,Male
UG_003,user119@example.com,N/A
UG_001,user120@example.com,Female
UG_001,user121@example.com,Male
UG_007,user122@example.com,Other
UG_005,user123@example.com,Female
UG_005,user124@example.com,Female
UG_005,user125@example.com,N/A
UG_003,user126@example.com,Other
UG_007,user127@example.com,Other
UG_001,user128@example.com,Male
UG_007,user129@example.com,Male
UG_001,user130@example.com,Female
UG_005,user131@example.com,Female
UG_005,user132@example.com,Male
UG_003,user133@example.com,Other
UG_005,user134@example.com,Female
UG_007,user135@example.com,Other
UG_001,user136@example.com,Other
UG_001,user137@example.com,Female
UG_005,user138@example.com,Male
UG_001,user139@example.com,Female
UG_005,user140@example.com,Other
UG_003,user141@example.com,Other
UG_003,user142@example.com,Other
UG_007,user143@example.com,Other
UG_001,user144@example.com,Male
UG_007,user145@example.com,Other
UG_001,user146@example.com,Male
UG_005,user147@example.com,Female
UG_005,user148@example.com,Female
UG_007,user149@example.com,N/A
UG_001,user150@example.com,Male
UG_001,user151@example.com,Female
UG_001,user152@example.com,Other
UG_003,user153@example.com,N/A
UG_003,user154@example.com,Male
UG_005,user155@example.com,Other
UG_001,user156@example.com,Other
UG_003,user157@example.com,Female
UG_001,user158@example.com,Other
UG_007,user159@example.com,Female
UG_003,user160@example.com,Female
UG_003,user161@example.com,N/A
UG_001,user162@example.com,Female
UG_005,user163@example.com,N/A
UG_003,user164@example.com,Other
UG_003,user165@example.com,Male
UG_007,user166@example.com,Male
UG_007,user167@example.com,Female
UG_003,user168@example.com,N/A
UG_005,user169@example.com,Other
UG_003,user170@example.com,Female
UG_001,user171@example.com,Female
UG_007,user172@example.com,Other
UG_005,user173@example.com,Male
UG_005,user174@example.com,Other
UG_007,user175@example.com,Other
UG_001,user176@example.com,Male
UG_005,user177@example.com,Female
UG_005,user178@example.com,Male
UG_001,user179@example.com,N/A
UG_005,user180@example.com,Other
UG_007,user181@example.com,Male
UG_007,user182@example.com,Female
UG_005,user183@example.com,Male
UG_007,user184@example.com,Male
UG_003,user185@example.com,Other
UG_007,user186@example.com,Male
UG_005,user187@example.com,Other
UG_001,user188@example.com,Other
UG_005,user189@example.com,N/A
UG_005,user190@example.com,N/A
UG_005,user191@example.com,Female
UG_003,user192@example.com,N/A
UG_007,user193@example.com,Female
UG_005,user194@example.com,N/A
UG_001,user195@example.com,Other
UG_005,user196@example.com,Female
UG_007,user197@example.com,Other
UG_007,user198@example.com,N/A
UG_007,user199@example.com,Female
UG_007,user200@example.com,Female
